сайт,фейк или нет
https://energomashbank.org,1
https://www.ssb.msk.ru,1
https://mega-dybennko-my.gift-cards.ru,0
http://ekapusta.com,1
https://rc-bank.ru,1
https://packages.unicreddit.ru,0
https://docs.ozoon.ru,0
https://mcbankkrus.ru,0
https://peerevod.ubrr.ru,0
http://www.innvb.ru,0
http://system-bank.ru,1
http://svyaznoy.ru/prm/svyaznoy-plus,1
https://www.lk.nnskbl.ru,0
http://braandstoriesoutlet.gift-cards.ru,0
https://www.fakttura.ru,0
http://1cb.ru,1
http://www.zemmcombank.ru,0
https://mmia.ru,0
https://www.ssb.mmsk.ru,0
http://lentta-my.gift-cards.ru,0
http://www.cappitalkredit.ru,0
https://market.ndb24.ru,1
https://meal.gift-ccards.ru,0
https://cheb.megapolice.ru,1
https://coiins.tsbnk.ru,0
https://link.alfabank.ru/webclient/pages,1
http://yarmarka.gift-cards.ru,1
http://agg-garant.wixsite.com,0
https://ipoteka.capitalkredit.ru,1
https://promo.mygift.ru,1
https://www.poiddem.ru,0
https://www.kuubank.ru,0
http://www.boc.ru,1
https://online.pscb.ru,1
https://porttal.nefteprom.com,0
https://aaliexpress.ru,0
https://credit.sovcombank.ru,1
https://www.rosevrobank.ru,1
https://www.genbank.ru,1
https://www.metallinvestbank.ru,1
https://deposit.ibv.ru,1
https://ccosmos-bank.ru,0
https://orlovka.gift-cards.ru,1
http://perm.planeta-mall.ru,1
http://mega-novosibirsk-my.gift-cards.ru,1
https://smolenskkiy.gift-cards.ru,0
http://www.1cb.ru,1
https://soolid.ru,0
http://kronna-bank.ru,0
https://kuban-creddit.com,0
https://ozmall.gift-cards.ru,1
https://infinnite.kubankredit.ru,0
https://mikro-kaapital.ru,0
http://ufa-my.gift-cards.ru,1
https://www.elecsnet.ru,1
https://ar2019.mkb.ru,1
https://www.b131.ru,1
https://aliexpress.ru,1
https://megapolice.ru,1
https://lkboo.vtb.ru,0
https://bankffin.ru,1
https://pharma.gift-cards.ru,1
https://mega-ekatterinburg-my.gift-cards.ru,0
https://simppleshopping.ru,0
https://zenit-card.ru,1
http://www.giftpass.ru,1
https://sberminor.ru,1
https://finclass.homecrredit.ru,0
https://www.forbank.ru,1
https://www.kks-bank.ru,0
https://www.zhhivagobank.ru,0
https://cbbvtb24back.vtb24.ru,0
http://www.ssbnk.ru,0
https://money.mail.ru,1
http://dontteksbank.ru,0
http://caftauto.ru,1
https://www.131.ru,1
http://avtotorgbank.ru,1
https://sbrf.ru,1
https://eksppress.money,0
https://clickstreeam.ru,0
http://planeta.gift-cards.ru,1
https://bankffin.ru,1
https://vffsglobal.rsb.ru,0
https://depozzits.ru,0
https://ir.open.ru,1
https://gpbspace.ru,1
https://www.bbankneyva.ru,0
http://dbo.uralsibbaank.ru,0
https://www.svyaznoy.ru,1
http://rnkko.ru,0
https://www.vvuzbank.ru,0
https://mia.ru,1
http://www.kbagora.ru,1
https://www.ingwb.com,1
https://sberr.ru,0
http://www.snbbank.ru,0
https://rn-baank.ru,0
http://depo.gift-cards.ru,1
https://www.cub-fiinance.ru,0
http://www.derzhava.ru,1
https://www.aleexbank.ru,0
https://solidbank.ru,1
https://www.bankneyva.ru,1
https://store.alfabank.ru,1
http://inkakhran.ru,1
http://bankkgefest.ru,0
https://hhalva.promo,0
https://rc-baank.ru,0
https://www.linuxx.com,0
http://vestaabank.ru,0
https://orlovvka.gift-cards.ru,0
https://akibank.ru,1
https://www.rusnarbank.ru,1
https://mygiftvirt.gift-cards.ru,1
http://aalfabusinessweek.ru,0
https://ligabisnesa.vtb.ru,1
https://brandstooriesoutlet.gift-cards.ru,0
https://srr2020.mkb.ru,0
http://www.avtotorgbank.ru,1
https://app.sovcombank.ru,1
https://www.sberindex.ru,1
https://www.rsbb.ru,0
https://www.kuzbasshimbaank.ru,0
http://www.ccbrca.ru,0
https://www.rusfo.ru,1
https://market.uralsib.ru,1
https://kubaan-kredit.biz,0
http://www.ttkbbank.ru,0
https://halvapridi.ru,1
https://halva.tel,1
https://ddz19.ru,0
http://kuzzbasshimbank.ru,0
https://kppu.alfabank.ru,0
https://geobank.ru,1
https://dengimiigom.ru,0
https://www.raiffeisen.ru,1
https://www.gorrbank.spb.ru,0
https://energoobank.ru,0
https://www.mariitimebank.com,0
https://www.linux.com,1
https://megga-samara-my.gift-cards.ru,0
https://icbru.ru,1
https://sberbankaktivvno.ru,0
https://bonuspartner.ru,1
https://nkz.planeta-mall.ru,1
http://www.kari.com,1
https://kpu.alfabank.ru,1
https://sovvcomplus.ru,0
https://svyaznoy.ru,1
http://www.rentabank.ruи,1
https://www.bbank45.ru,0
https://lennta-my.gift-cards.ru,0
http://chelinvest.ru,1
https://acompaanies.rosbank-dom.ru,0
https://clickstream.ru,1
https://zalog.sovcombank.ru,1
https://nsd.ru,1
http://www.selkombank.ru,1
https://www.metallica.com,1
https://www.avversbank.ru,0
https://vitrina.vtb.ru,1
https://www.cardcredit.ru,1
https://services.open.ru,1
https://3dsmc.ubrr.ru,0
http://shop-technic.ru,0
https://gallerry360.vtb.ru,0
http://nbdbank.ru,1
https://www.aalfabank.com,0
https://phharma.gift-cards.ru,0
https://emb.spb.ru,1
https://ccb-broker.ru,1
https://yaandex.ru,0
https://chelindclub.ru,1
https://start.ubrr.ru,1
http://bkktb.ru,0
http://ankkb.ru,0
https://kubbkred.ru,0
https://savemoney.alfabank.ru,1
https://rosccap.com,0
http://maxi.gift-cards.ru,1
https://private.mkb.ru,1
https://www.mizuhogroup.com,1
https://kuban.crredit,0
http://www.cfb.ru,1
https://broker.vtb.ru,1
https://finnbank.ru,0
http://www.mayykopbank.ru,0
https://halva.email,1
https://corp.qiwi.com,1
https://ipooteka.capitalkredit.ru,0
http://www.tssbnk.ru,0
http://chelinnd.ru,0
https://www.geobank.ru,1
https://skt.maxi-shopping.ru,1
http://chelinvvest.ru,0
http://www.procommercebank.ru,1
http://karnaval.gift-cards.ru,1
http://queue.snbank.ru,1
https://ibd.ubrr.ru,1
https://services.openbank.ru,1
http://help.rosbbank-dom.ru,0
https://www.ccb.ru,0
https://www.ozon.ru,1
https://silvvercity.gift-cards.ru,0
https://karri.com,0
https://siab.ru,1
https://www.isbank.ru,1
https://sttart.ubrr.ru,0
http://www.maykopbank.ru,1
https://www.gazneftbank.ru,1
https://alfabank.ru,1
https://kbhmb.ru,1
https://rezervvscheta.transstroybank.ru,0
https://mysvyaznoyplus.ru,1
http://rio.gift-cards.ru,1
http://help.rosbank-dom.ru,1
http://planeta.gifft-cards.ru,0
https://ecard.alfabank.ru,1
https://kubancredit.net,1
https://kuzbasshimbank.ru,1
https://aurra-my.gift-cards.ru,0
http://money.thhbank.ru,0
https://bank-rrk.ru,0
https://bmapp.alfabank.ru,1
http://smbcr-bank.ru,1
https://card-ozoon.com,0
https://vshkole.net,1
https://m.uralsibb.ru,0
https://srrbank.ru,0
https://m.uralsib.ru,1
https://ns-bank.ru,1
http://www.uraleexpress.ru,0
http://www.bankkonttinental.ru,0
https://nkz-my.gift-cards.ru,1
https://hrr.alfabank.ru,0
https://lk.ubrr.ru,1
http://www.psccb.ru,0
http://energotransbank.com,1
https://ufa-my.gift-cards.ru,1
http://metcom.ru,1
https://ir.openn.ru,0
https://premiiumpass.ru,0
http://kashirskaya-my.gift-cards.ru,1
https://nsddata.ru,1
http://www.capitalkredit.ru,1
https://www.mega.ru,1
http://www.landkreditt.ru,0
https://data.sberbbank.ru,0
https://kartta-podarkov.gift-cards.ru,0
https://www.bankd.ru,1
http://www.alfafuture.com,1
https://mykykyryza.ru,1
https://kaleidoscope-center.gift-cards.ru,1
https://www.metaallica.com,0
https://infoosvyaznoyplus.ru,0
https://bg.akbars.ru,1
https://hit-info.org,0
https://vtbrussia.ru,1
http://gruzovvikvkredit.ru,0
https://pushhkinopark.gift-cards.ru,0
https://hhalva.promo,0
https://yoomoney.ru,1
http://ookhta.gift-cards.ru,0
https://www.vfbank.ru,1
https://myygift.gift-cards.ru,0
https://ap.ubrr.ru,1
http://vcaabank.ru,0
https://kkbankk.ru,0
https://homecreditt.ru,0
http://forcegames.ru,0
https://www.aresbank.ru,1
http://beta.vuzzbank.ru,0
https://bonnuspartner.ru,0
http://kartadengi.ru,1
http://kosmos.gift-cards.ru,1
https://sovcombank.business,1
https://app.sovcommbank.ru,0
http://mcbaank.ru,0
http://www.credithub.ru,1
https://che.maxi-shopping.ru,1
http://karrtazaem.ru,0
https://app.halvaccard.ru,0
https://www.credituural.ru,0
https://www.venets-bank.ru,1
https://realisstbank.ru,0
https://domrfbank.ru,1
http://www.ggeobank.ru,0
https://sovcompplus.ru,0
https://www.raiffeisen.ru,1
https://bank45.ru,1
https://mega-khimki-my.gift-cards.ru,1
https://www.moscombank.ru,1
http://www.ribank.ru,1
https://mobiile.open.ru,0
https://royyalpark.gift-cards.ru,0
https://sovvcombank.copiny.com,0
https://www.comfortcredit.ru,1
http://kaleiidoscope-center.gift-cards.ru,0
https://www.contact-sys.com,1
http://dcapitall.ru,0
https://deposit.nnorvikbank.ru,0
https://mtii-bank.ru,0
https://www.mfo-kkorona.com,0
http://miinbank.ru,0
https://finclass.homecredit.ru,1
https://3dsauth.rrocketbank.ru,0
https://ref.unicrediit.ru,0
https://psskb.com,0
http://sbionline.ru,1
http://business.moskb.ru,1
https://gpbb.ru,0
https://sobe.ru,1
https://3dsauth.rocketbank.ru,1
http://mmega-ekaterinburg-my.gift-cards.ru,0
http://mygiftcardal.gift-cards.ru,1
https://rosbank-ddom.ru,0
https://kuban-kreedit.com,0
https://vdr.gazprombank.ru/v3,1
http://www.akkbars.ru,0
https://sberclicksttream.ru,0
http://sbbank.ru,1
https://www.ccontact-sys.com,0
https://online-cabinet.rosbank-dom.ru,1
https://www.bank45.ru,1
https://business.poiddem.ru,0
https://rko.chelind.ru,1
http://www.credithhub.ru,0
https://sdco.ru,1
http://krs-mmy.gift-cards.ru,0
https://bank-rc.ru,1
http://smolenskiy.gift-cards.ru,1
https://kubkred.ru,1
http://eximbankk.ru,0
http://snnmall.gift-cards.ru,0
https://www.rencredit.ru,1
http://my.gift-cards.ru,1
https://www.ufd-pb.ru,1
https://ipoteka.chelind.ru,1
https://sovcombank.business,0
http://zapsibcombank.ru,1
http://che.maxi-shopping.ru,1
http://www.intterbanking.ru,0
https://perm.planeta-mall.ru,1
https://131.ru,1
https://soovcomplus.ru,0
https://www.ns-bank.ru,1
http://skkt.maxi-shopping.ru/card,0
http://potreb.chelind.ru,1
https://ippb.ru,0
https://www.rrdb.ru,0
http://www.s-bez.ru,0
https://sferaa.ru,0
https://brainintelligencetraining.com,0
https://clients.dcapital.ru,1
https://www.sovcombbank.ru,0
https://www.ccitibank.ru,0
http://dz19.ru,1
https://www.nkbank.ru,1
https://yoobusiness.ru,1
https://www.zolotayakorona.ru,1
http://www.dzz19.ru,0
https://air.unicredit.ru,1
http://www.uralexpress.ru,1
http://kartammfo.org,0
http://refinnans.chelind.ru,0
https://ittbank.ru,0
https://accr.vtb.ru,1
https://inffobank.rosbank-auto.ru,0
http://ipoteka-biz.chelind.ru,1
https://www.ubrr.ru,1
http://infosvyaaznoyplus.ru,0
https://vdr.gazprombannk.ru/v3,0
https://www.mos.ru,1
http://www.procombank.ru,1
http://garant-trades.ru,1
https://euuroalliance.ru,0
https://ar2019.mmkb.ru,0
https://agroros.ru,1
https://sovcombank.business,1
http://dbo.uralsibbank.ru,1
http://www.uralexxpress.ru,0
https://kaz.megapolice.ru,1
http://www.shikkfin.com,0
https://sibmoll.giftt-cards.ru,0
https://www.biz.unicredit.ru,1
http://www.rusffincorp.ru,0
https://school.vtb.ru,1
https://vfbaank.ru,0
https://www.megga.ru,0
http://primezaimm.ru,0
http://vyatich.ryyazan.ru,0
http://www.rinkas.ru,1
https://ipoteka-biz.chelind.ru,1
https://www.rnko.ru,1
http://alefbaank.com,0
https://tapplink.cc/neyvabank,0
https://mygiftcarrdv.gift-cards.ru,0
https://planetta.gift-cards.ru,0
https://app.sovcombank.ru,1
http://postcard.alfabank.ru,1
http://matkap.snbank.ru,1
https://www.khmb.ru,1
https://www.vlbb.ru,1
https://bitrix.unitted.ru,0
https://banksoyuz.ru,1
https://enerrgomashbank.org,0
https://aresbank.ru,1
https://travel.unicreditt.ru,0
https://kubancredit.com,1
https://denginaadom.ru,0
https://банк131.рф,1
http://ozon.ru/card,1
http://a7zaimm.ru/oplata,0
http://mega-noovosibirsk-my.gift-cards.ru,0
https://www.modulbank.ru,1
https://trade.hermesfx.io,0
http://payceenter.ru,0
https://absolutbank.ru,1
https://kubankreditt.net,0
https://www.bllanc.ru,0
http://karttamfo.net,0
http://alfacamp.alfabank.ru,1
http://dcapital.ru,1
https://www.tinkooff.ru,0
http://www.mycard.ru,1
http://koronaccard.ru,0
http://lenta-my.gift-cards.ru,1
https://serrvices.open.ru,0
https://gp.zenit.ru,1
https://digital.alfabank.ru,1
http://m.mkb.ru,1
https://gppb.ru,0
https://3dsmc.ubrr.ru,1
https://www.aatb.su,0
https://sales.vuzbank.ru,1
http://sslaviabank.ru,0
http://www.ipooteka.capitalkredit.ru,0
http://www.sberbankaktivno.ru,1
https://www.hicebank.ru,1
http://kartamfo.net,1
https://promo.crediteurope.ru,1
http://www.newbank.ru,1
https://air.uniicredit.ru,0
https://sales.ubrr.ru,1
https://www.prro.delo.ru,0
https://alfastrah.gift-cards.ru,1
https://www.bankorangge.ru,0
https://nkbank.ru,1
https://5ka-my.ggift-cards.ru,0
https://rko.alfabank.ru,1
http://www.bcosm.ru,1
https://bcs-bank.com,1
http://www.ssb35.ru,1
https://econombank.ru,1
http://www.mygift.ru,1
https://marrket.ndb24.ru,0
https://lotosplazaptz.gift-cards.ru,1
http://www.dinersclubcard.ru,1
http://m.mkkb.ru,0
https://www.ssngb.ru,0
https://ermakbank.ru,1
http://www.a7zaim.ru/oplata,1
https://dolg.comfortcredit.ru,1
https://credit4you.neyvabank.ru,1
https://research.alfabank.ru,1
https://ibank2.pscb.ru,1
http://granatpay.ru,1
https://www.uralffd.ru,0
https://www.vtbglobbalperspectives.com,0
http://www.isbank.com.ru,1
https://bibicashh.ru,0
http://www.svyaznooy.ru/prm/svyaznoy-plus,0
https://perm-planeta-my.gift-cards.ru,1
http://www.ccfb.ru,0
http://www.bstbank.ru,1
https://halva.energy,1
http://capitallbank.ru,0
https://demo.bank-dirrect.ru,0
http://www.rusbsbank.ru,1
https://ivelox.ru,1
http://vuzbankk.ru,0
https://www.google.com,1
http://nkkz-my.gift-cards.ru,0
http://aktivbankk.ru,0
https://ipoteka.ubrr.ru,1
http://mp.akbars.ru,1
https://ibd.ubrr.ru,1
https://www.tpsbank.tomsk.ru,1
http://www.eximmbank.ru,0
https://savemmoney.alfabank.ru,0
http://apkbaank.ru,0
https://deposits.unnicredit.ru,0
https://www.urralprombank.ru,0
https://pperevod.ubrr.ru,0
http://www.eximbank.ru,1
https://www.tinkoff.ru,1
http://www.dcapital.ru,1
https://halvacarrd.ru,0
http://mega-omsk-my.gift-cards.ru,1
http://www.kkb.ru,1
https://www.cbrca.ru,1
http://promo.mygiift.ru,0
http://beta.vuzbank.ru,1
https://www.exibank.ru,1
https://www.mettallinvestbank.ru,0
https://app.halvacard.ru,1
http://aura-my.giift-cards.ru,0
https://www.vtbcareer.com,1
http://minbank.ru,1
https://www.migcredit.ru,1
https://www.sber.ru,1
https://ar2020.mkbb.ru,0
http://www.kkb.ru,1
https://alexbank.ru,1
http://mega-samara-my.gift-cards.ru,1
https://ivellox.ru,0
https://hhalva.energy,0
https://www.eatpbank.ru,1
https://old.www.akibank.ru,1
https://www.cuustody.ru,0
https://sovcompllus.ru,0
http://stranaexpress.ru,1
https://metallinvestbaank.ru,0
https://rrkbank.ru,0
http://itallmas.gift-cards.ru,0
https://realestate.pervbank.ru,1
http://koronapay.by,1
http://www.ruusbsbank.ru,0
https://rnko.korona.net/kari,1
http://www.mvs-bank.ru,1
http://www.sbbank.ru,1
http://www.krrona-bank.ru,0
https://aiss.snbank.ru,0
http://www.sbnk.ru,1
https://www.bankofkazan.ru,1
https://mcbankrus.ru,1
https://www.finnambank.ru,0
https://www.rosbank-auto.ru,1
https://www.reddit.com,1
https://mygifttcard5.gift-cards.ru,0
http://kosmos.giftt-cards.ru,0
https://mega-novossibirsk-my.gift-cards.ru,0
http://derzhava.ru,1
https://euroalliance.ru,1
https://lk.mmkb.ru,0
http://alfafinance.ru,1
http://www.bankk-45.ru,0
http://kaartadengi.com,0
http://5ka-my.giift-cards.ru,0
http://www.zappsibkombank.ru,0
https://rosbank-dom.ru,1
https://www.mykykyryza.ru,1
http://nkomobi.ru,1
http://www.sbber.ru,0
http://nkopremium.ru,1
http://www.slaviabankk.com,0
https://www.ttagbank.ru,0
https://www.kllookva.ru,0
https://sovcombank.copiny.com,1
https://job.unicrredit.ru,0
http://mbo-bank.ru,1
https://blanc.ru,1
http://www.nnipbank.ru,0
http://nbdbaank.ru,0
http://www.slavvia-bank.com,0
https://liggabisnesa.vtb.ru,0
https://www.koroonacard.ru,0
https://mega-novosibirsk-my.gift-cards.ru,1
http://mcbank.ru,1
https://www.vbrr.ru,1
http://vakobank.com,1
https://www.toyota-bank.ru,1
https://credit-pod-zalog-zenit.ru,1
https://dp.sngb.ru,1
https://www.open.ru,1
http://ipoteka.kamkombank.ru,1
http://sodeexobenefits.ru,0
http://megaa-nnovgorod-my.gift-cards.ru,0
http://atbbannk.ru,0
https://alfaleasing.ru,1
https://halva.im,1
https://www.rosbank-auuto.ru,0
https://cert.psbank.ru,1
https://haalva.tel,0
https://pearl.gift-cards.ru,1
https://tpsbank.tomsk.ru,1
https://aliiexpress.ru,0
https://invest.mkb.ru,1
https://www.dvbank.ru,1
https://potreb.chelind.ru,1
http://mycard.psbank.ru,1
https://caftauto.ru,1
https://www.auttokreditbank.ru,0
http://money.thbank.ru,1
https://www.metallinvestbank.ru,1
https://b2b.rosbannk-dom.ru,0
https://promo.kk.bank,1
https://www.gifttpass.ru,0
https://m5mall.gift-caards.ru,0
https://banknfk.ru,1
https://alfaleeasing.ru,0
https://kuban-kreedit.su,0
https://derzhava.ru,1
https://nkz.planetta-mall.ru,0
https://rusnarbank.ru,1
https://www.ddaricard.ru,0
https://gennbank.ru,0
https://halva.enerrgy,0
http://www.caftauto.ru,1
https://apps.applee.com,0
http://bcosm.ru,1
https://yandeex.ru,0
https://cifra.vtb.ru,1
https://www.koronnapay.com,0
https://zalog.baltiinvestbank.com,0
https://bluebird.homecredit.ru,1
https://www.snggb.ru,0
http://rnko.korona.net/kari,1
https://prazddnik-ubrr.ru,0
https://kubankredit.biz,1
http://zolootayakorona.ru,0
https://kollag.gift-cards.ru,1
https://infosvyaznoyplus.ru,1
http://sbbank.ru,1
http://kuntsevo-my.gift-cards.ru,1
http://svyyaznoy.ru/prm/svyaznoy-plus,0
https://baltbank.ru,1
https://www.blackmagicdesign.com,1
https://vivadengi.ru,1
https://www.amazonn.com,0
http://www.interprombank.ru,1
http://video.alfabank.ru,1
https://sodexobenefits.ru,1
https://www.biing.com,0
https://ar2020.mkb.ru,1
https://sfera.ru,1
http://system-bbank.ru,0
https://belka-strelka.su,1
http://www.kbb.ru,1
http://www.kombank.ru,1
https://www.bcosm.ru,1
https://localditcolmc.online,0
https://promo.united.ru,1
https://bankkermak.ru,0
https://vbank.ru,1
https://degoo.com,1
https://www.mcbankrus.ru,1
https://bankk45.ru,0
https://partners.united.ru,1
https://ndb24.ru,1
http://slaviabank.com,1
https://kubancredit.biz,1
https://eng.sskbbank.ru,0
http://locko-bank.su,1
https://bibicash.ru,1
https://km.gift-caards.ru,0
http://alfacammp.alfabank.ru,0
https://kuban-credit.biz,1
https://karnaaval.gift-cards.ru,0
http://www.transstroybank.ru,1
http://www.sberbankkaktivno.ru,0
https://www.dcapital.ru,1
http://www.bankkontinental.ru,1
https://setvi.neyvabank.ru,1
https://ibv.ru,1
https://mycardd.ru,0
https://cluub.alfabank.ru,0
https://www.zaymmer.ru,0
https://stimul.westernunion.ru,1
https://home.rosbank-dom.ru,1
http://www.sbbank.ru,1
https://www.euroalliance.ru,1
http://sber.ru,1
https://severgazbank.ru,1
http://bereit.ru,1
https://garant.chelind.ru,1
http://www.ittb.ru,0
http://crosnabank.com,1
http://alffabusinessweek.ru,0
http://prostodar-my.gift-cards.ru,1
http://cashback.chelind.ru,1
http://www.vbrr.ru,1
https://info.akbars.ru,1
https://elecsnet.ru,1
https://agent.ibv.ru,1
http://www.nbbdbank.ru,0
https://koshelev-bank.ru,1
http://www.kykyryza.ru,1
https://leadproxy.deltacredit.ru,1
https://festival.gift-cards.ru,1
https://starrt.ubrr.ru,0
https://vkladd.sovcombank.ru,0
https://energgomashbank.ru,0
https://accr.vtb.ru,1
https://www.crocusbank.ru,1
https://www.ccb.ru,1
https://www.eksprress.money,0
https://p2ycard.com,0
http://bktb.ru,1
https://kk.bank,1
http://dzz19.ru,0
https://vklad-zenit.ru,1
http://donkoombank.ru,0
http://locko-bank.info,1
http://rbabank.ru,1
https://journal.uralsib.ru,1
http://cosmmos-bank.ru,0
https://credit.neyvabank.ru,1
http://www.vikingbank.ru,1
https://www.ufd-pb.ru,0
http://dinersclubcard.ru,1
http://www.cardd-ozon.com,0
https://vtbrussia.ru,1
http://queue.snbannk.ru,0
https://nkoerp.ru,1
https://www.citymoney.su,1
http://akbars.ru,1
http://kazanmaall.gift-cards.ru,0
http://sales.vuzbank.ru,1
https://www.bank131.ru,1
https://leroymerlin.gift-cards.ru,1
https://spsc.ru,1
https://career.1cupis.ru,1
https://www.ibbv.ru,0
https://okhta.gift-cards.ru,1
http://rnko.koorona.net/kari,0
http://www.tkbbank.com,1
https://radugapark.gift-cards.ru,1
https://rn-bank.ru,1
http://mos-zaim.ru,1
https://ibbv.ru,0
http://altyynbank.com,0
https://ipoteka-online.vtb.ru,1
http://mega-uufa-my.gift-cards.ru,0
https://pokupka.tsbnk.ru,1
https://cards.neyvabank.ru,1
https://kkbank.ru,1
https://vvestabank.ibv.ru,0
http://www.ipoteka.capitalkredit.ru,1
https://club.alfabank.ru,1
https://www.bankkaluga.ru,1
https://forshtadt.ru,1
https://ssr2019.mkb.ru,0
https://sovcomplus.ru,1
https://www.maritimebank.com,1
https://rnko-kholmsk.ru,1
https://ciffra.vtb.ru,0
https://kremliinbank.ru,0
https://royalpark.gift-cards.ru,1
https://packages.unicredit.ru,1
http://www.sibsoc.ru,1
https://emmb.spb.ru,0
http://marmeladdmall.gift-cards.ru,0
https://bankermak.ru,1
http://www.sebbank.ru,1
https://gazeta.seevergazbank.ru,0
https://www.neyvabaank.ru,0
https://reseearch.alfabank.ru,0
http://aura.gift-cards.ru,1
http://www.sstb-bank.ru,1
https://siabb.ru,0
https://perfomense.com,0
https://moneykapittal.ru,0
https://most.tass.ru,1
https://prommo.kk.bank,0
https://sr2019.mkb.ru,1
http://besafe.ru,1
http://www.jtbank.ru,1
https://www.unistream.ru,1
https://texbank.ru,1
https://mega-uffa-my.gift-cards.ru,0
http://karta-my.gift-cards.ru,1
https://www.sodexobenefits.ru,1
https://lotospplaza-my.gift-cards.ru,0
http://www.reentabank.ruи,0
https://mbobank.livejjournal.com,0
https://vbaank.ru,0
https://www.bystrobank.ru,1
http://www.kuzbank.ru,1
https://bankvvl.ru,0
http://bankgefest.ru,1
https://boonus.rsb.ru,0
http://hyperx-alloy.ru,0
https://cashdrive.ru,1
https://www.rgsbank.ru,1
https://mygiftvirrt.gift-cards.ru,0
https://homecredit.ru,1
http://metallinvvestbank.ru,0
http://www.acqquiring.ru,0
http://cibl.ru,1
http://migcredit.ru,1
https://perm-planeeta-my.gift-cards.ru,0
http://www.pprocommercebank.ru,0
https://www.llanta.ru,0
http://www.aankb.ru,0
http://zaim-exppress.ru,0
http://premiumpass.gift-cards.ru,1
https://zolotayaakorona.ru,0
https://www.jjpmorgan.ru,0
https://app.halvacard.ru,1
https://banksoyyuz.ru,0
https://www.vivadengi.ru,1
https://sovcomplus.ru,1
https://www.giftpass.ru,1
https://vvip.kubankredit.ru,0
https://sngbiinfo.ru,0
https://www.sngbb.ru,0
https://new.rosbank.ru,1
https://saales.ubrr.ru,0
http://vlbb100.ru,0
http://megaa-dybenko-my.gift-cards.ru,0
http://mtcfinance.ru,1
https://biz-crediit.chelind.ru,0
http://beelinecard.ru,1
https://dom.unicredit.ru,1
http://ozmaall-my.gift-cards.ru,0
https://appss.apple.com,0
http://sillvercity.gift-cards.ru,0
http://www.vivadengii.ru,0
https://m.bankuralsiib.ru,0
https://demo.bank-on-line.ru,1
https://www.zenit.ru,1
https://infiniite.kk.bank,0
https://onlinee.pscb.ru,0
http://zalog.noorvikbank.online,0
http://www.mfo-kkorona.com,0
https://zalog.norvikbank.ru,1
http://zaymmer.ru,0
http://nkz-my.gift-cards.ru,1
http://docs.ozon.ru,1
https://ssovcomplus.ru,0
http://profit.akbars.ru,1
http://avtottorgbank.ru,0
http://payaasv.ru,0
https://www.kubankredit.ru,1
http://5ka-my.gift-cards.ru,1
https://www.asus.com,1
https://mega-omsk-my.gift-cards.ru,1
http://www.nkz.planeta-mall.ru,1
https://skbagent.ru,1
http://www.nsbank.ru,1
https://kuban-credit.su,1
https://www.caftauto.ru,1
http://garant-trades.ru,0
http://fw.raiffeisen.ru,1
https://finmoll.ru,1
http://zbbonus.ru,0
https://card.ubrr.ru,1
https://zaapsibkombank.ru,0
https://www.finsb.com,1
https://zalog.baltinvestbank.com,1
https://www.lexus.ru/financial-services/credit/#hero,1
https://mygiftcardal.gift-cards.ru,1
https://www.jpmorgan.ru,1
https://ipoteka.ubrr.ru,1
https://www.bankkvl.ru,0
http://sberbankaktivvno.ru,0
https://ecom.snngb.ru,0
https://www.rossevrobank.ru,0
https://inform.nordea.ru,1
https://sovcomplus.ru,1
http://giftpass.ru,1
https://3dsmc.ubrr.ru,0
http://www.rnkko.ru,0
http://www.primezaim.ru,1
http://www.crosnnabank.ru,0
http://brrand.vtb.ru,0
https://special.open.ru,1
https://qr.vtb.ru,1
https://tocchka.com,0
https://start.mkb.ru,1
https://eecard.alfabank.ru,0
https://sovcomplus.ru,1
https://www.kuzbasshimbank.ru,1
https://www.kupivkredit.ru,1
http://www.banksputnik.ru,1
https://cchelindclub.ru,0
http://www.nco-eps.ru,1
http://www.alfafuturre.com,0
https://www.vtbcareer.com,1
https://www.rosbank.ru,1
http://www.bankgglobus.ru,0
https://apps.aapple.com,0
http://www.slaviaabank.ru,0
https://form.uniicreditbank.ru,0
https://anygifft.gift-cards.ru,0
http://www.orbank.ru,1
https://www.creddithub.ru,0
https://www.sevvnb.ru,0
http://www.koronnacard.ru,0
https://www.1erc.ru,1
http://garantmarket.ua,0
http://matkkap.snbank.ru,0
https://meal.gift-cards.ru,1
https://www.bank-msscb.ru,0
https://start.ubrr.ru,1
https://www.prromatkap.ru,0
https://sferra.ru,0
http://ozmall.gift-cards.ru,1
https://ipb.ru,1
https://lei-code.ru,1
http://hyper-x.top,0
https://creditural.ru,1
http://www.balaakovo-bank.ru,0
https://refinans-kombank.ru,1
http://zbonus.ru,1
https://kremlinbank.ru,1
https://pskb.com,1
https://www.blackmaggicdesign.com,0
https://www.ekapusta.com,1
https://karta-podarkov.gift-cards.ru,1
http://snmall.gift-cards.ru,1
http://ozmmall.gift-cards.ru,0
https://deposits.unicredit.ru,1
https://weeb2.pscb.ru,0
https://migcredit.ru,1
https://lockobank.ru,1
http://www.cashddrive.ru,0
http://maxi.gift-carrds.ru,0
https://mega-omskk-my.gift-cards.ru,0
https://www.metallica.com,1
http://www.vvakobank.com,0
http://www.sovvcombank.com,0
http://sshikfin.com,0
https://mega.ru/giftcard/novosibirsk,1
https://www.blanc.ru,1
https://www.ibam.ru,1
https://lk.vtbb.ru,0
http://www.kuuzbasshimbank.ru,0
https://www.besteffortsbank.ru,1
https://www.primezaim.ru,1
http://bkttb.ru,0
https://wwb-bank.ru,0
http://mfocard.ru,1
https://www.bannkd.ru,0
https://infinite.kubankredit.ru,1
https://delo.vtb.ru,1
http://www.tkbbank.ru,1
https://docs.ozon.ru,1
https://video.gift-cards.ru,1
https://web2.pscb.ru,1
http://www.bnal.ru,1
https://www.pro.delo.ru,1
https://raboota.poidem.ru,0
https://babycar.od.ua,0
https://ssber.ru,0
https://www.ipoteeka.texbank.ru,0
http://denginadom.ru,1
http://www.ttkpb.ru,0
https://www.mcbankrrus.ru,0
http://italmas.gift-cards.ru,1
http://www.ufa.planeta-mall.ru,1
https://accr.vtb.ru,1
http://www.migccredit.ru,0
https://bantikov.ru/petrol,1
http://posttcard.alfabank.ru,0
https://www.custody.ru,1
https://d.cebank.ru,1
https://salles.vuzbank.ru,0
https://lk.mkb.ru,1
http://mfo-korona.ru,1
https://bbusiness.rsb.ru,0
https://www.pshb.ru,1
http://eximbank.ru,1
http://www.mbbo-bank.ru,0
https://urallprombank.ru,0
http://www.severstroybank35.ru,1
https://prommo.united.ru,0
https://silvercity.gift-cards.ru,1
http://ipoteka.capitalkredit.ru,1
https://pushkinopark.gift-cards.ru,1
https://soliid.ru,0
https://forrabank.ru,0
https://bbr.ru,1
https://mycard.ru,1
https://serviices.openbank.ru,0
https://neyvabank.ru,1
https://bonus.unicrediit.ru,0
https://www.pibank.ru,1
https://kassa.alfabank.ru,1
https://www.bd59.ru,1
https://vip.kk.bank,1
https://business.united.ru,1
https://deposits.nefteprom.com,1
https://sberminnor.ru,0
http://americanexpress.ru,1
https://osago.vtb.ru,1
https://coins.tsbnk.ru,1
https://kuban-crediit.su,0
https://rusfo.ru,1
https://cibank.ru,1
https://www.bankzenitsochi.ru,1
https://www.kupivvkredit.ru,0
https://card.ubrr.ru,1
https://ccb-brokeer.ru,0
https://business.americanexpress.com,1
https://b2b.rosbank-dom.ru,1
http://vivadengi.ru,1
http://landkreedit.ru,0
https://www.karri.com,0
https://www.onliinebroker.ru,0
https://icbruu.ru,0
http://mycardd.psbank.ru,0
https://www.mos-zaim.ru,1
https://yeltsin.gift-ccards.ru,0
https://sbbrf.ru,0
http://www.citymmoney.su,0
https://www.rnkko.ru,0
https://www.koronacard.ru,1
https://vtbsttrana.ru,0
https://moos.ru,0
https://www.bank-creedit-suisse-moscow.ru,0
http://bankrmp.ru,1
http://kartamfo.com,1
https://sberbank.com,1
http://www.alfafuuture.ru,0
https://inform.nordeea.ru,0
http://www.ssebbank.ru,0
https://bcoosm.ru,0
http://www.vrbmoscow.ru,1
https://ibank2.ppscb.ru,0
http://metallinvestbank.ru,1
http://bibicash.ru,1
http://nokiantyres.gift-cards.ru,1
https://radugaparrk.gift-cards.ru,0
https://lk.vestabank.ru,1
https://nkbaank.ru,0
https://bankvl.ru,1
https://stmm.srbank.ru,0
https://www.ccoalmetbank.ru,0
https://www.beslctnamga.online,0
http://mykykyryza.ru/dk,1
https://forshhtadt.ru,0
http://www.capital-bank.ru,1
http://www.avvtotorgbank.ru,0
http://www.zbonus.ru,1
https://aclub.alfabankk.ru,0
http://www.mvss-bank.ru,0
https://www.bcs-bank.com,1
http://restaurantpass.ru,1
https://ipayua.com,0
https://akbaars.ru,0
https://www.strannaexpress.ru,0
http://mega-parrnas-my.gift-cards.ru,0
https://www.ibv.ru,1
http://vcabank.ru,1
http://www.ookbank.ru,0
http://www.stranaexpress.ru,1
https://www.dombank.ru,1
https://asiacrredit.ru,0
http://www.bnnal.ru,0
https://www.faktura.ru/lite/app/?site=rn-bank,1
http://www.baankrmp.ru,0
http://mycaard.ru,0
https://pochtabank.ru,1
http://alfabusinessweek.ru,1
http://www.kvtb.ru,1
https://in-bank.ru,1
https://www.autokreditbank.ru,1
http://www.bank-credit-suisse-moscow.ru,1
https://pay2ua.com,0
https://moneykapital.ru,1
http://aktivbank.ru,1
https://mmarket.uralsib.ru,0
https://tkmaxx.gift-cards.ru,0
https://smolenskiy.gift-cards.ru,1
https://a7zaim.ru/oplata,1
https://hydraruzikxpnew4af.oniont.com,0
http://ipotteka.chelind.ru,0
https://haalvacard.ru,0
http://mega-nnovgorod-my.gift-cards.ru,1
https://reservve.forbank.ru,0
https://yandexx.ru,0
http://единаякасса.рф,1
https://www.daricard.ru,1
https://clientts.dcapital.ru,0
https://card-ozon.com,1
https://start.ubrr.ru,1
http://locko-bannk.info,0
https://www.ncc-qccp.com,1
https://stranaeexpress.ru,0
http://slavia-bank.ru,1
https://yanddex.ru,0
http://cashhback.chelind.ru,0
https://www.finmoll.ru,1
http://www.tochka.com,1
https://www.sbber.ru,0
http://www.zaymer.ru,1
https://parts-m.com.ua,0
https://maxi.gift-cards.ru,1
http://krs.planeta-mall.ru,1
http://kykyryza.ru,1
https://www.timerbank.ru,1
https://design.alfabank.ru,1
http://larimel.com.ua,0
https://kapitoliy-my.gift-cards.ru,1
https://kuban-kredit.net,1
https://www.ggeobank.ru,0
https://matcap.chelind.ru,1
https://my.gift-cards.ru,1
http://trccgalaktika.gift-cards.ru,0
https://www.isin.ru,1
http://www.karii.com,0
https://reserve.forbank.ru,1
http://www.moneytalk.ru,1
https://capitalkredit.ru,1
http://mikrro-kapital.ru,0
https://prostobank.online,1
https://www.vivadenggi.ru,0
http://docss.ozon.ru,0
http://info.paymaster.ru,1
https://chelindbank.ru,1
http://www.bank-45.ru,1
http://www.mmcbank.ru,0
https://bantikkov.ru/petrol,0
http://www.aorb.ru,1
https://unoocard.ru,0
https://letomall.gift-cards.ru,1
http://www.russianstandardbank.com,1
http://www.balakovo-bank.ru,1
https://www.premiuumpass.ru,0
https://office-demo.mkb.ru,1
https://absoluutbank.ru,0
http://autoychet.com,0
https://ufa-my.ggift-cards.ru,0
https://ecom.sngb.ru,1
https://www.kklookva.ru,0
https://creddit.neyvabank.ru,0
https://www.sdm.ru,1
http://pearl.gift-cards.ru,1
https://eneergomashbank.net,0
http://ww25.postairmail.com/?subid1=20220118-2218-3264-87cc-251b9835b51e,0
https://kubaancredit.biz,0
https://bankk-rc.ru,0
http://www.bereit.ru,1
https://www.kupii-ne-kopi.com,0
http://bg.akbars.ru,1
https://leto-my.gift-cards.ru,1
https://www.db.com,1
https://kosmos.gift-cards.ru,1
http://brandstoriesoutlet.gift-cards.ru,1
https://www.raiffeisen.ru,1
https://dz19.ru,1
https://kdeelu.vtb.ru,0
https://info.zhivagobank.ru,1
http://mind.alfabank.ru,1
https://www.promatkap.ru,1
https://www.metallinvestbaank.ru,0
https://www.vlbb.ru,1
https://www.cetelem.ru,1
https://beelineecard.ru,0
https://betta.vuzbank.ru,0
https://ma.neyvvabank.ru,0
http://www.okbank.ru,1
http://metro-mmy.gift-cards.ru,0
https://maatcap.chelind.ru,0
https://taplink.cc/neyvabank,1
http://www.vuzbank.ru,1
https://www.ekspress.money,1
https://www.челиндбанк.рф,1
https://www.nico-bank.ru,1
https://woori.ru,1
http://www.metallinvesstbank.ru,0
http://www.srp.ru,1
https://anketta.alfabank.ru/kupilegko,0
https://bkzn.me,1
https://www.uralfd.ru,1
https://sfeera.ru,0
https://www.eemb.ru,0
http://garant-market.com,0
https://autth.lk.vtb.ru,0
https://caftautto.ru,0
http://kalinamall.gift-cards.ru,1
https://business.rsb.ru,1
https://www.nordea.ru,1
http://sbrff.ru,0
https://www.unicreditbank.ru,1
http://promo.mygift.ru,1
https://jjncd.gift-cards.ru,0
https://www.migcrredit.ru,0
https://euroalliance.ru,1
http://www.mikroo-kapital.ru,0
http://garant-svg.store,0
https://solidd.ru,0
https://lotosplaazaptz.gift-cards.ru,0
http://gebank.ru,1
http://skbbank.ru,1
http://ifcbaank.ru,0
https://mygiift.ru,0
http://radugaparrk.gift-cards.ru,0
https://www.vlbb.ru,0
http://mega-ufa-my.gift-cards.ru,1
http://www.metallinvestbank.ru,1
https://kaliinamall.gift-cards.ru,0
https://kuban.credit,1
https://rko.modulbank.ru,1
http://paymenttcenter.ru,0
http://bibbicash.ru,0
https://www.tagbank.ru,1
https://www.bank-perresvet.ru,0
http://zolotayakorona.ru,1
https://giftpass.ru,1
https://gpb.ru,1
http://www.goldmansachsbank.ru,1
https://rk-bank.ru,1
https://rrnko.ru,0
https://np.atlaascard.ru,0
https://itallmas.gift-cards.ru,0
http://www.abbsolutbank.com,0
http://www.bankpsafinance.ru,1
http://ipotteka.capitalkredit.ru,0
http://nkz.planeta-mall.ru,1
https://www.energotransbank.com,1
http://www.kbaggora.ru,0
https://www.olb.ru,1
http://www.snbank.ru,1
https://rezervscheta.transstroybank.ru,1
http://www.mcbank.ru,1
https://hyper-x.shop,0
https://www.uralprombank.ru,1
http://potreb.chelind.ru,0
http://www.aleefbank.ru,0
https://www.amazon.com,1
https://ssales.ubrr.ru,0
https://aalfabank.ru,0
http://www.koronaloyalty.ru,1
http://rentaabank.ru,0
https://garant-market.online,0
https://www.nsddata.ru,1
https://rko.moddulbank.ru,0
https://crosnnabank.ru,0
http://beeta.sberbank.ru,0
https://fifa.alfabank.ru,1
https://guideline.creditural.ru,1
https://finclass.homeecredit.ru,0
https://aresbaank.ru,0
http://goldenbonus.ru,1
https://www.ipoteeka.capitalkredit.ru,0
https://ufa.pllaneta-mall.ru,0
https://www.modullbank.ru,0
http://ipoteka.chelind.ru,1
https://www.vostbank.ru,1
https://www.payanyway.ru,1
https://www.emb.ru,1
http://wwumte.ru,0
http://rkcdv.ru,1
https://sberclickstream.ru,1
https://3ds.ubrr.ru,1
https://texxbank.ru,0
https://kashirskaaya-my.gift-cards.ru,0
https://mega-nnovgorod-my.gift-cards.ru,1
https://www.voostbank.ru,0
http://hyperx-predator.ru,0
https://www.fforabank.ru,0
http://mygiftcard5.gift-cards.ru,1
https://www.bankkaluga.ru,1
https://onetwoauto.ru,1
https://zalogg.sovcombank.ru,0
http://alfabusinessweek.ru,1
http://www.asiacredit.ru,1
https://alfasttrah.gift-cards.ru,0
https://www.ipoteka.capitalkredit.ru,1
http://ippoteka.kamkombank.ru,0
https://www.bank-credit-suisse-moscow.ru,1
http://www.tkbbank.com,1
http://alfabusinessweek.ru,1
https://www.ing.ru,1
https://www.ru.natixis.com,1
http://hyperx.ru.com,0
http://yeltsin.gifft-cards.ru,0
https://people.sovcombank.ru,1
http://matcap.chhelind.ru,0
https://taggbank.ru,0
https://kubancredit.coom,0
https://pro.delo.ru,1
https://ddegoo.com,0
https://www.finambank.ru,1
https://eng.skbbank.ru,1
https://leaddproxy.deltacredit.ru,0
http://www.metallurgbank.ru,1
http://ufa-mmy.gift-cards.ru,0
http://www.cafttauto.ru,0
http://www.kkrc.ru,1
https://sovccomplus.ru,0
http://mega-parnas-my.gift-cards.ru,1
https://vvtbrussia.ru,0
https://ufa.planeta-mall.ru,1
https://isin.ru,1
http://mysvyaznoyplus.ru,1
https://storee.alfabank.ru,0
http://slavviabank.com,0
http://www.albbank.ru,0
http://smollenskiy.gift-cards.ru,0
http://kuntssevo-my.gift-cards.ru,0
https://www.metallinvestbank.ru,1
https://www.akiibank.ru,0
https://www.expobank.ru,1
http://ankety.vtb.ru,1
https://ipoteka.unicredit.ru,1
https://aabank.ru,0
http://slaviabank.ru,1
http://strannaexpress.ru,0
https://nationalclearingcentre.com,1
https://www.eekapusta.com,0
https://lk.ubrr.ru,1
https://akbars.ru,1
https://app.hallvacard.ru,0
https://b131.ru,1
http://radugapark.gift-cards.ru,1
http://gruzovikvkredit.ru,1
https://forabank.ru,1
https://www.alexbank.ru,1
http://www.autotoorgbank.ru,0
https://ankety.vtb.ru,1
https://zaymeer.ru,0
https://cashdriive.ru,0
http://id.sberbank.ru,1
https://www.capitalkredit.ru,1
https://wecaare.vtb.ru,0
http://www.pookupay.ru,0
https://tatsotsbank.ru,1
http://altynbank.com,1
http://www.nib-sammara.ru,0
https://bannkffin.ru,0
https://www.ppsbst.ru,0
https://www.priimbank.ru,0
https://isbannk.ru,0
https://tagbank.ru,1
http://lockkobank.su,0
https://devoncredit.ru,1
https://www.dz19.ru,1
https://finclass.homecredit.ru,1
http://sbbannk.ru,0
http://www.sineergy.ru,0
https://sodexxobenefits.ru,0
https://prazdnik-ubrr.ru,1
http://www.slaviabank.com,1
https://www.eurroalliance.ru,0
http://eng.skbbannk.ru,0
http://keycash.pro,0
https://4k.unnicredit.ru,0
https://job.unicredit.ru,1
https://m5mall.gift-cards.ru,1
https://online.sovcombank.ru,1
https://business.uunited.ru,0
https://finbank.ru,1
https://app.halvacaard.ru,0
http://alefbank.com,1
https://zaim-exxpress.ru,0
https://id.sberbaank.ru,0
http://www.energotransbank.com,1
https://www.km-bank.ru,1
https://mp.akbars.ru,1
https://www.psbst.ru,1
http://www.olabaank.ru,0
http://koronappay.by,0
https://www.in-bank.ru,1
http://infosvyaznoyplus.ru,1
http://www.tkbbaank.com,0
https://msk.megapolice.ru,1
https://uralfinance.ru,1
http://brand.vtb.ru,1
http://rko.chelindd.ru,0
https://www.siiab.ru,0
https://mmygiftcardal.gift-cards.ru,0
https://www.eaab.ru,0
http://www.eco-iinvest.ru,0
http://www.sodexobenefits.ru,1
https://zapsibkombank.ru,1
http://do.it.alfabannk.ru,0
http://id.ssberbank.ru,0
https://nefteprrom.com,0
https://leroymmerlin.gift-cards.ru,0
https://ktbra.kubantorgbank.ru,1
https://ulk.gbo.gazprommbank.ru,0
http://www.rrb.ru,1
https://www.gazneeftbank.ru,0
https://3ds.ubrr.ru,1
https://www.ssberbank.com,0
https://onegobank.ru,1
https://hhalvacard.ru,0
http://karnnaval.gift-cards.ru,0
http://www.dderzhava.ru,0
https://www.sberbankaktivno.ru,1
http://cosmos-bank.ru,1
https://www.gazprombank.ru,1
http://kartazaeem.com,0
https://www.moscombbank.ru,0
https://www.aautotorgbank.ru,0
https://factoring.alfabank.ru,1
http://slavvbank.ru,0
http://capitalkredit.ru,1
http://www.bankglobus.ru,1
https://bankvvesta.ibv.ru,0
http://www.rbabank.ru,1
https://www.mosoblbank.ru,1
https://www.akibank.ru,1
https://rko.dcapital.ru,1
https://infinite.kk.bank,1
http://plus.svyaznooy.ru,0
https://visa.nneyvabank.ru,0
http://www.kuzzbank.ru,0
https://www.rshb.ru,1
http://karta-podarkov.gift-cards.ru,1
https://bg.akbarrs.ru,0
https://citymoney.su,1
https://meetro-my.gift-cards.ru,0
https://bonus.westternunion.ru,0
https://ap.ubrr.ru,1
https://krs-my.ggift-cards.ru,0
https://welcome.uunicredit.ru,0
http://mega-khimki-my.gift-cards.ru,1
http://ohta-mmy.gift-cards.ru,0
https://auction.cebank.ru,1
https://sbeer.ru,0
https://payanyway.ru,1
http://www.rstls.ru,1
https://www.capitallkredit.ru,0
http://www.tkpb.ru,1
https://marmeladmall.gift-cards.ru,1
https://mega-teplyistan-my.gift-cards.ru,1
http://allfabusinessweek.ru,0
https://scchool.vtb.ru,0
https://fincher.ru,1
https://ca-cib.ru,1
https://www.bcosmm.ru,0
https://ktbra.kubbantorgbank.ru,0
http://www.acquiring.ru,1
https://cashbaack.chelind.ru,0
https://deposit.norvikbank.ru,1
https://empiredrops.ru,0
http://geobank.ru,1
http://www.ribbank.ru,0
https://app.uniccredit.ru,0
http://www.kkb.ru,1
http://psabank.ru,1
http://www.bankhimik.ru,1
https://data.sberbank.ru,1
https://digittal.alfabank.ru,0
http://energotrannsbank.com,0
https://www.mse.ru,1
https://www.profitbank.ru,1
https://www.rrs.ru,0
http://kykyryyza.ru,0
http://sebbannk.ru,0
http://www.restaurantpass.ru,1
https://www.sodexobbenefits.ru,0
http://tdmproekt.gift-cards.ru,1
https://www.bankkonego.ru,0
http://www.mos-zaim.ru,1
http://www.bnpparibasbank.ru,1
http://www.tochhka.com,0
https://vbv.neyvabank.ru,1
https://www.mysvvyaznoyplus.ru,0
https://welcome.unicredit.ru,1
https://www.bank.rs.ru,1
https://www.mygifft.ru,0
https://gpbspacce.ru,0
https://wm-card.com,1
https://investmments.alfabank.ru,0
https://vestabank.ibv.ru,1
http://www.thbank.ru,1
https://www.lexus-finance.ru,1
http://www.myccard.ru,0
https://credithub.ru,1
http://tdmmproekt.gift-cards.ru,0
https://ivn.megapolice.ru,1
https://tradiing.alfabank.ru,0
https://euroalliance.ru,1
https://infobank.rosbank-auto.ru,1
https://deposiit.ibv.ru,0
http://www.dombank.ru,1
http://apkbank.ru,1
https://kb-tub.ru,1
http://ai-bank.ru,1
https://rocketbank.ru,1
https://cc.unicreditt.ru,0
https://www.aversbank.ru,1
https://www.redditt.com,0
https://bank131.com,1
https://kbhmmb.ru,0
https://www.vttb24.ru,0
https://www.sddm.ru,0
https://www.metallinvestbannk.ru,0
https://kppn.dcapital.ru,0
https://taalent.open.ru,0
https://okhta.giift-cards.ru,0
http://www.metallurugbank.ru,0
http://realestate.pervbank.ru,1
http://www.zolottayakorona.ru,0
https://travelpass.ru,1
https://payhubcard.com,0
https://balltbank.ru,0
https://www.toyota.ru/finance-insurance/toyota-fs,1
https://www.ccb.ru,1
https://brandstoriesoutlet.gift-cards.ru,1
https://databank.ru,1
http://www.aorrb.ru,0
http://zaim-express.ru,1
http://www.mykykyryza.ru,1
http://sberbankaktivno.ru,1
https://maxi.gift-cardds.ru,0
https://mbo-bank.ru,1
http://ccrosnabank.ru,0
http://www.slavia-bank.ru,1
https://vesta.taxx,0
http://www.tkbbank.com,1
https://vuzbank.ru,1
https://ekkapusta.com,0
https://halvacard.ru,1
https://beta.vuzbank.ru,1
http://www.bankrmp.ru,1
http://card-oozon.com,0
https://www.mmykykyryza.ru,0
https://offc.ru,0
https://www.euroalliance.ru,1
http://kreditmb.ru,1
https://mega-khhimki-my.gift-cards.ru,0
https://www.devoncredit.ru,1
https://mega.ru/giiftcard/novosibirsk,0
https://www.bcs-bbank.com,0
https://ankeeta.vtb.ru,0
https://kupi-ne-kopi.com,1
http://www.rusfincorp.ru,1
https://www.mfo-korona.com,1
https://www.reddiit.com,0
https://vfbank.ru,1
https://perm.planneta-mall.ru,0
https://www.besteffortssbank.ru,0
https://www.google.com,1
https://garant.cheelind.ru,0
https://country.db.com,1
https://fct.crediteurope.ru,1
https://pearrl.gift-cards.ru,0
https://bcard.unicredit.ru,1
http://karri.com/club,0
https://www.credittcards.ru,0
https://sovcompluss.ru,0
http://restaaurantpass.ru,0
https://kuban-kredit.su,1
https://mbobank.livejournal.com,1
https://np.atlascard.ru,1
http://skbbank.ru,1
https://www.khhmb.ru,0
http://bankdolinsk.ru,1
https://shikfin.com,1
https://private.united.ru,1
https://mikro-kapital.ru,1
https://online.rosbank-dom.ru,1
https://en.wikipedia.org,1
http://americanexpress.ru,1
https://www.credithub.ru,1
https://www.baankrealist.ru,0
http://vyatich.ryazan.ru,1
https://metro-my.gift-cards.ru,1
https://ir.mkkb.ru,0
https://skbbank.ru,1
https://mastercard.norvikbank.ru,1
https://www.tavvrich.ru,0
https://www.credit-zenit.ru,1
https://biz.unicreddit.ru,0
https://bank131.ru,1
https://www.psbank.ru,1
http://silvercity.gift-cards.ru,1
https://www.sksbank.ru,1
http://www.uralexpreess.ru,0
https://www.bankrealist.ru,1
https://www.onlinebroker.ru,1
https://travel.rsb.ru,1
https://www.novookib.ru,0
https://lk.vtb.ru,1
http://www.psib.ru,1
https://loockobank.ru,0
http://www.probank.pro,1
http://bbktb.ru,0
https://afimmall.gift-cards.ru,0
https://anketa.vtb.ru,1
http://bkttb.ru,0
https://www.citymmoney.su,0
http://www.system-bank.ru,1
http://koronacard.ru,1
https://pay.cardstanddard.ru,0
https://peopple.sovcombank.ru,0
http://www.megga.ru/giftcard/novosibirsk,0
https://www.koronapay.com,1
http://www.energootransbank.com,0
https://ipbb.ru,0
http://www.alefbank.ru,1
http://www.prioobye.ru,0
https://mygiftcard.gift-cards.ru,1
https://wb-bank.ru,1
http://pushkinopark.gift-cards.ru,1
https://trcgalaaktika.gift-cards.ru,0
https://www.moss.ru,0
http://ekaapusta.com,0
https://ncc-qccp.com,1
http://www.tkbbank.ru,1
https://carrds.neyvabank.ru,0
http://www.kuzbasshimbank.ru,1
http://bankrmmp.ru,0
http://skbbankk.ru,0
https://eenergomashbank.com,0
https://www.instaggram.com,0
https://bank.bcs.ru,1
https://www.mtsbank.ru,1
https://www.issbank.ru,0
http://vbrr.ru,1
https://mfo-korrona.com,0
https://app.halvacard.ru,1
https://bluebird.hoomecredit.ru,0
https://www.pshbb.ru,0
http://www.unistream.com,1
https://bankneyva.ru,1
https://kubannkredit.biz,0
https://rabota.poidem.ru,1
http://www.nwwipbank.ru,0
https://www.zaim-express.ru,1
https://www.prazdnik-ubrr.ru,1
http://mykykyyryza.ru/dk,0
https://jncd.gift-cards.ru,1
https://credit.sovcombaank.ru,0
http://alfafinaance.ru,0
https://tula.maxi-shopping.ru,1
http://mega-teplyistan-my.gift-cards.ru,1
https://kuntsevo-mmy.gift-cards.ru,0
https://chhelindbank.ru,0
https://oneegobank.ru,0
https://credithhub.ru,0
https://www.el-plat.ru,1
http://www.discoveercard.ru,0
https://www.avangard.ru,1
http://www.jtbbank.ru,0
http://www.citymoney.su,1
https://pokuppay.ru,0
https://www.energottransbank.com,0
https://genbank.ru,1
http://data.sberbank.ru,1
http://www.pottreb.chelind.ru,0
http://www.zzaim-express.ru,0
http://nokiiantyres.gift-cards.ru,0
http://www.sinergy.ru,1
http://www.icbcmoscow.ru,1
http://www.kykyryzza.ru,0
https://kubankredit.net,1
http://goldenbbonus.ru,0
https://vesta.tax,1
https://www.besteffortsbank.ru,1
https://gifftpass.ru,0
https://digiital.vtb.ru,0
https://parrtner.alfabank.ru,0
http://miigcredit.ru,0
https://www.sevnb.ru,1
https://l2wild.ru,0
https://roscap.com,1
http://cloud-mix.ru,0
http://www.cosmmos-bank.ru,0
https://www.onlinecredit.ru,1
https://ermmakbank.ru,0
https://www.ssb.mssk.ru,0
https://www.kasppersky.ru,0
https://www.finsb.ru,1
https://mobile.open.ru,1
https://bkkzn.me,0
https://miia.ru,0
https://letoomall.gift-cards.ru,0
https://www.sberinddex.ru,0
http://biz-creditt.chelind.ru,0
https://bitrix.united.ru,1
http://qe-saler.ru,0
https://pro.ddelo.ru,0
https://www.nationalclearingcenter.com,1
https://www.commerzbank.ru,1
https://www.sberbankakttivno.ru,0
https://3ds.ubrr.ru,1
https://primezaim.ru,1
https://www.ddcapital.ru,0
https://onlinee.rosbank-dom.ru,0
https://baank.bcs.ru,0
https://www.exxibank.ru,0
https://www.rggsbank.ru,0
https://demo.bank-direct.ru,1
https://yarmarka-center.gift-cards.ru,1
https://yyandex.ru,0
http://www.mettcom.ru,0
https://psbst.ru,1
https://gift.korona.net,1
https://www.nskbbl.ru,0
https://marmeladmall.gift-carrds.ru,0
https://koronacaard.ru,0
https://www.akccept.ru,0
https://ccb-broker.ru,1
http://card-ozon.com,1
http://www.mbbr.ru,1
https://www.sbberbank.ru,0
https://www.mcplat.ru,1
https://www.primezaaim.ru,0
https://energomashbank.livejournal.com,1
http://www.nipbank.ru,1
http://mbbr.ru,1
https://nokiantyres.gift-cards.ru,1
https://www.card-oozon.com,0
https://www.shikfiin.com,0
https://finclass.hommecredit.ru,0
https://www.kmmb.ru,0
http://www.rrbank.ru,1
https://appl.unicredit.ru,1
http://www.rrbank.ru,1
https://yarrmarka.gift-cards.ru,0
https://degoo.com,1
https://anygift.gift-cards.ru,1
https://unistream.com,1
https://www.nsd.ru,1
http://sbnnk.ru,0
http://novoobank.ru,0
https://limeside.ru,0
http://country.db.com,1
https://www.bysttrobank.ru,0
https://sandbox.elecsnet.ru,1
https://halva.emaiil,0
https://www.potreb.chelind.ru,1
http://mikro-kapital.ru,1
https://www.creditcards.ru,1
https://kuban-kredit.com,1
https://vitriina.vtb.ru,0
https://kassa.aalfabank.ru,0
https://www.bliiz.nskbl.ru,0
http://mysvyaznnoyplus.ru,0
http://bgf-bank.ru,1
https://depo.gifft-cards.ru,0
https://apps.apple.com,1
http://leroymerlin.gift-cards.ru,1
https://www.ipoteka.texbank.ru,1
https://ccb-broker.ru,1
http://paymentcenter.ru,1
https://www.roound.ru,0
https://test.mufg.ru,1
https://mega.io,1
https://kuuban-credit.net,0
http://kallinamall.gift-cards.ru,0
https://office-deemo.mkb.ru,0
https://invesst.mkb.ru,0
https://www.besteffortsbbank.ru,0
https://www.rostfinance.ru,1
https://energomashbank.net,1
http://crossnabank.com,0
https://trading.alfabank.ru,1
https://www.kari.com,1
http://kapittoliy-my.gift-cards.ru,0
https://www.pshbb.ru,0
https://bankonego.ru,1
http://www.cbrca.ru,1
http://bankdollinsk.ru,0
http://citymoneey.su,0
https://halvaprridi.ru,0
https://ohhta-my.gift-cards.ru,0
http://www.americanexpress.ru,1
https://metrro.gift-cards.ru,0
https://tdmproekt.gift-cards.ru,1
https://www.bankuralsib.ru,1
https://4k.unicredit.ru,1
https://runa.bank,1
https://bankvesta.ibv.ru,1
https://primmezaim.ru,0
http://www.mikro-kapital.ru,1
https://zalog.norvikkbank.ru,0
https://www.stranaexpress.ru,1
http://rio.ggift-cards.ru,0
http://rko.chelind.ru,1
https://www.nrb.ru,1
https://credit4you.neyyvabank.ru,0
https://www.vbank.ru,1
https://travel.unicredit.ru,1
https://doc.elecsnet.ru,1
https://www.zaim-exprress.ru,0
http://rnko.ru,1
http://tkkpb.ru,0
https://visa.neyvabank.ru,1
https://nkoeerp.ru,0
https://perevodilegko.com,0
https://old.nsd.ru,1
http://sistemabank.ru,1
https://premiuumpass.gift-cards.ru,0
http://www.bankrsi.ru,1
https://unica.gift-cards.ru,1
https://inecopay.ru,1
http://www.card-ozon.com,1
http://derzzhava.ru,0
http://dbo.uralsibbank.ru,1
http://www.russianstanddardbank.com,0
https://gorod.orbank.ru,1
https://travell.rsb.ru,0
http://finmoll.ru,1
http://www.siistemabank.ru,0
https://staart.mkb.ru,0
https://www.vtbcareer.com,1
https://mos-zaim.ru,1
https://acquiring.vtb.ru,1
https://tachsend.com,0
https://app.open.ru,1
https://payasv.ru,1
https://norvikbannk.online,0
https://www.openbank.ru,1
https://mega-nnovggorod-my.gift-cards.ru,0
https://ubrr.ru,1
https://www.mcc.elecsnet.ru,1
http://tkpb.ru,1
https://bfa.ru,1
http://www.nrrb.ru,0
https://www.rosstfinance.ru,0
https://sovcombank.credit,1
http://sbrf.ru,1
https://bonus.rsb.ru,1
https://www.meetallica.com,0
https://gruzovikvkredit.ru,1
https://fishingmonitor.info/site/legalrc.us,0
https://www.reddit.com,1
https://iipb.ru,0
http://www.narattbank.ru,0
https://lk.vestaabank.ru,0
http://asiacredit.ru,1
http://garant-acc.ucoz.ru,0
https://www.kkamkombank.ru,0
https://pokuppka.tsbnk.ru,0
https://www.sobinbank.ru,1
https://ekspress.money,1
https://ipotekaaonline.open.ru,0
http://bcossm.ru,0
http://vivaddengi.ru,0
https://belsocbank.ru,1
http://www.russitabank.ru,1
https://sovcommplus.ru,0
https://business.poidem.ru,1
https://aggent.ibv.ru,0
http://loyalty-alfabank.ru,1
http://crosnabank.ru,1
http://www.ankb.ru,1
http://bktbb.ru,0
https://tooday.sberbankvmeste.ru,0
https://www.kebrus.ru,1
https://www.ppokupay.ru,0
http://perm-planeta-my.gift-cards.ru,1
https://www.forabank.ru,1
https://www.uuralfinance.ru,0
https://kuban-credit.net,1
http://www.mfo-korona.com,1
https://bonus.westernunion.ru,1
https://moduulbank.ru,0
https://ccb-brokker.ru,0
https://ipoteka.psbst.ru,1
https://mega-dybenko-my.gift-cards.ru,1
http://www.sistemabank.ru,1
http://prostodaar-my.gift-cards.ru,0
https://www.mercedes-benz.ru,1
http://www.crosnabank.ru,1
http://www.transstroibank.ru,1
http://www.ru.abchina.com,1
https://depo.gift-cards.ru,1
https://promoo.mygift.ru,0
https://biz-credit.chelind.ru,1
https://ipoteka.ubrr.ru,1
https://rkoo.dcapital.ru,0
https://kapitolliy-my.gift-cards.ru,0
https://profitt.akbars.ru,0
https://brokker.vtb.ru,0
http://a7zaim.ru/oplata,1
https://www.baankofkazan.ru,0
https://stm.srbank.ru,1
https://viitabank.spb.ru,0
https://3dsmc.ubrr.ru,1
https://bank.yanndex.ru,0
https://www.neyvabank.ru,1
https://www.raiffeiseen.ru,0
https://ssolid.ru,0
https://iturupbank.ru,1
https://rk-bbank.ru,0
https://private.vtb.ru,1
https://iipb.ru,0
https://www.bankurallsib.ru,0
https://www.googlle.com,0
https://www.rsb.ru,1
http://kaleidoscope-center.gift-cards.ru,1
http://www.capittal-bank.ru,0
https://mmega-parnas-my.gift-cards.ru,0
http://www.nbdbank.ru,1
https://business.vvtb.ru,0
https://www.vvbank.ru,0
http://www.ekapusta.com,1
https://www.youtube.com,1
http://garant-traades.ru,0
https://kuban-kredit.biz,1
https://www.gorbank.spb.ru,1
https://crediteurope.ru,1
https://www.klookva.ru,1
http://karttamfo.ru,0
http://asiacreddit.ru,0
https://sberindex.ru,1
https://www.kubank.ru,1
https://privat24investt.xyz,0
http://pushkinoppark.gift-cards.ru,0
http://gidra-auth.com,0
https://www.km-bannk.ru,0
http://www.invb.ru,1
https://www.ceetelem.ru,0
https://ir.mkb.ru,1
http://www.novikkom.ru,0
https://unistream.ru,1
https://holiday.norvikkbank.ru,0
http://pokuppay.ru,0
https://www.kubaankredit.ru,0
https://business.vtb.ru,1
https://www.otpbank.ru,1
https://retail.ettf-int.ru,0
http://sibmoll.gift-cards.ru,1
https://virtbenefits.gift-cards.ru,1
http://noosferabank.ru,1
https://www.zaymer.ru,1
http://www.beelinecard.ru,1
https://roscaap.ru,0
https://3ds.uubrr.ru,0
http://www.zolotayakorona.ru,1
https://blg.megapolice.ru,1
https://ssovcombank.credit,0
http://cashdrive.ru,1
https://centtermir.gift-cards.ru,0
https://opros.sberbank.ru,1
https://www.onegobank.ru,1
https://sollid.ru,0
https://bellka-strelka.su,0
http://business-crredit.ru,0
https://ipbank.ru,1
https://ma.neyvabank.ru,1
http://www.kvvtb.ru,0
https://www.sovcombank.ru,1
http://gift-ccards.ru,0
http://smartweapon.ru,0
http://www.strannaexpress.ru,0
https://www.zolotayyakorona.ru,0
http://www.bbcosm.ru,0
https://music.yanddex.ru/home,0
https://en.wikippedia.org,0
http://www.eco-invest.ru,1
https://music.yandex.ru/home,1
https://5ka-my.gift-cards.ru,1
https://jpmorrgan.ru,0
http://zalog.norvikbank.online,1
http://mbfs.ru,1
https://portal.bank-hlynov.ru,1
https://www.a7zzaim.ru/oplata,0
https://www.hiccebank.ru,0
https://halvvacard.ru,0
https://karnaval.gift-cards.ru,1
http://kashhirskaya-my.gift-cards.ru,0
https://www.bspb.ru,1
http://www.koronaaloyalty.ru,0
http://shikfin.com,1
https://isbank.ru,1
https://research.gazprombank.ru,1
https://www.ncc-qccp.ru,1
https://www.biz-credit.chelind.ru,1
https://www.exxpobank.ru,0
https://dalenaabank.ru,0
http://www.gifftpass.ru,0
http://metcomm.ru,0
https://ssfera.ru,0
https://vbv.neyvaabank.ru,0
https://sales.ubrr.ru,1
https://www.dvvbank.ru,0
https://unicca.gift-cards.ru,0
http://www.pokupay.ru,1
https://rnko.ru,1
https://www.ppibank.ru,0
https://ecm.sngb.ru,1
https://refinans.chelind.ru,1
https://start.vtb.ru,1
http://kartamfo.ru,1
http://anketa.vtb.ru,1
https://karrta-my.gift-cards.ru,0
https://www.forbaank.ru,0
https://pokupay.ru,1
http://www.crosnabannk.com,0
https://www.iingwb.com,0
https://ccb-brokker.ru,0
http://aura.giftt-cards.ru,0
https://ndbb24.ru,0
https://ipoteka.cheliind.ru,0
http://vestabank.ru,1
https://www.ubs.com,1
https://www.slbank.ru,1
https://ubrr.cashbaackforce.ru,0
https://mega-samara-my.gift-cards.ru,1
https://snmall.gift-cards.ru,1
http://capitallkredit.ru,0
https://www.centrinvest.ru,1
http://mboo-bank.ru,0
http://doncommbank.ru,0
http://www.naratbank.ru,1
https://repository.nsd.ru,1
https://banknneyva.ru,0
http://www.spiritbank.ru,1
https://home.rosbank-doom.ru,0
http://beelinecarrd.ru,0
http://www.capiitalbank.ru,0
https://zaymer.ru,1
http://leroyymerlin.gift-cards.ru,0
https://www.a7zaim.ru/oplata,1
http://autootorgbank.ru,0
http://sberr.ru,0
https://kazanmall.gift-cards.ru,1
https://kazannmall.gift-cards.ru,0
https://kollagg.gift-cards.ru,0
https://prostoobank.online,0
https://linkk.alfabank.ru/webclient/pages,0
https://starttup.vtb.ru,0
https://corp.qiiwi.com,0
https://www.lenoovo.com,0
http://www.vikkingbank.ru,0
https://mysvyaznnoyplus.ru,0
https://www.inng.ru,0
http://vuzbank.ru,1
http://donkombank.ru,1
http://kuzbasshimbank.ru,1
https://bank-hlynnov.ru,0
https://www.giibank.ru,0
http://www.metcom.ru,1
http://skt.maxi-shopping.ru/card,1
https://kubankredit.com,1
http://ankb.ru,1
https://business.vtb.ru,1
https://www.vtb24.ru,1
https://sberindexx.ru,0
https://chelind.ru,1
http://lockobank.su,1
https://ituruupbank.ru,0
https://www.ks-bank.ru,1
http://mind.allfabank.ru,0
https://kubbankredit.com,0
https://tkmax.gift-cards.ru,1
http://lodki-pvx.ru,0
https://loyalty.cft.ru,1
http://www.vuzbbank.ru,0
https://info-partnners.rsbank-auto.ru,0
http://www.primezaaim.ru,0
http://www.bsttbank.ru,0
http://kartaddengi.ru,0
http://www.golddenbonus.ru,0
http://www.cosmos-bank.ru,1
http://chelindcllub.ru,0
http://www.sodexxobenefits.ru,0
https://www.mmosoblbank.ru,0
http://mega.ru/novosibirsk/giftcard,1
https://www.biiz-credit.chelind.ru,0
http://www.krs.pllaneta-mall.ru,0
https://www.veenets-bank.ru,0
https://www.alfabank.com,1
https://mosst.tass.ru,0
https://sberbankaktivno.ru,1
https://vfsglobal.rsb.ru,1
https://akiibank.ru,0
https://auth.lk.vtb.ru,1
http://www.hsbc.ru,1
https://ipoteka.uniccredit.ru,0
https://vbrr.ru,1
https://olymp.bmstu.ru,1
http://yeltsin.gift-cards.ru,1
http://www.itb.ru,1
http://perm-planeeta-my.gift-cards.ru,0
http://kapitoliy-my.gift-cards.ru,1
https://halvaa.im,0
https://mygiftcard5.gift-cards.ru,1
https://ncc-qccp.ru,1
https://domrffbank.ru,0
https://planeta.gift-cards.ru,1
http://denginadoom.ru,0
https://www.kaspersky.ru,1
http://www.fintechbank.ru,1
http://www.sellkombank.ru,0
https://deelo.vtb.ru,0
https://www.card-ozon.com,1
http://www.cashdrive.ru,1
http://video.alfabankk.ru,0
https://www.bdd59.ru,0
https://www.ccb.ru,1
https://www.mettro-cc.ru,0
https://vuzbannk.ru,0
https://partner.alfabank.ru,1
https://www.google.com,1
http://do.it.alfabank.ru,1
http://zarecch.ru,0
https://gppb.ru,0
https://nkz-my.gift-cardds.ru,0
https://app.oopen.ru,0
https://km.gift-cards.ru,1
https://vklad.sovcombank.ru,1
https://jourrnal.uralsib.ru,0
http://geobaank.ru,0
http://www.dz19.ru,1
http://slavia-bank.com,1
https://geobannk.ru,0
https://www.lanta.ru,1
https://ozmall.gifft-cards.ru,0
https://wugostca.westernunion.ru/ui,1
http://www.shikfin.com,1
https://realestate.peervbank.ru,0
https://privatte.mkb.ru,0
https://rapidda.ru,0
http://mfo-koronna.ru,0
https://ipotteka.ubrr.ru,0
https://kuban-credit.com,1
http://leto-my.gift-ccards.ru,0
https://acqquiring.vtb.ru,0
https://www.cbrrca.ru,0
https://www.mbo-bank.ru,1
https://olympp.bmstu.ru,0
http://www.nib-samara.ru,1
https://incomementors.net,0
https://skbbannk.ru,0
https://dbo3.crosnaabank.ru,0
https://www.dzz19.ru,0
http://akbkeb.ru,1
http://che.maxxi-shopping.ru,0
http://mega-ekaterinburg-my.gift-cards.ru,1
https://ipoteka.texbank.ru,1
https://www.store.alfabank.ru,1
https://alfabank.ru/everyday/reorg,1
https://giftcard.sngb.ru,1
https://mkbb.ru,0
https://sobinbank.ru,1
https://my.alfabank.ru/slxcustomerportal,1
https://card.ubrr.ru,1
https://besaffe.ru,0
https://jpmorgan.ru,1
https://id.sberbank.ru,1
http://www.krs.planeta-mall.ru,1
https://www.komfortkredit.ru,1
https://virtprostoodar.gift-cards.ru,0
http://credithub.ru,1
https://www.siab.ru,1
https://baltinvestbank.com,1
https://dcapital.ru,1
https://kmubcred.ru,0
https://www.premiumpass.ru,1
https://www.pokupay.ru,1
http://biz-credit.chelind.ru,1
http://sistemmabank.ru,0
https://www.cashdrive.ru,1
http://obrr1016.ru,0
https://vitabank.ru,1
https://nationalclearingcenter.com,1
https://potrreb.chelind.ru,0
https://anketa.alfabank.ru/kupilegko,1
https://ref.unicredit.ru,1
http://llokobank.ru,0
http://m5mall.gift-cards.ru,1
https://www.lei-code.ru,1
https://startt.ubrr.ru,0
https://premiumpass.gift-cards.ru,1
http://vllb100.ru,0
https://tdmpproekt.gift-cards.ru,0
https://www.svyaznooy.ru,0
https://alieexpress.ru,0
https://bankoneggo.ru,0
http://yarmarrka.gift-cards.ru,0
http://www.discovercard.ru,1
https://sociium-bank.ru,0
https://roocketbank.ru,0
https://form.unicreditbank.ru,1
https://career.raiffeisen.ru,1
https://www.besteffortsbank.ru,1
http://www.migcredit.ru,1
https://www.asuas.com,0
https://centermir.gift-cards.ru,1
http://kazanmall.gift-cards.ru,1
http://chelindclub.ru,1
https://accr.vttb.ru,0
https://www.psshb.ru,0
http://www.svyaznoy.ru/prm/svyaznoy-plus,1
http://www.tsbnk.ru,1
https://www.bankkaluga.ru,1
http://mega-tepplyistan-my.gift-cards.ru,0
http://skbbank.ru,1
https://www.kupi-ne-kopi.com,1
https://mcc.elecsnet.ru,1
http://www.siinko-bank.ru,0
http://www.akbars.ru,1
https://besafe.ru,1
https://chhe.maxi-shopping.ru,0
https://vivadengii.ru,0
https://stranaexpress.ru,1
https://bank-rk.ru,1
http://www.db.com,1
https://cmrbank.ru,1
https://www.megapolice.ru,1
http://www.zziraatbank.ru,0
https://gift.korrona.net,0
https://www.agroros.ru,1
https://urban-card.ru,1
https://www.asiacredit.ru,1
https://www.agrorros.ru,0
http://mega-omssk-my.gift-cards.ru,0
http://www.uralexpress.ru,1
http://krs-my.gift-cards.ru,1
http://karta-podarrkov.gift-cards.ru,0
https://nokiantyrres.gift-cards.ru,0
http://vakkobank.com,0
https://kdelu.vtb.ru,1
http://www.zemcombank.ru,1
https://apps.apple.com,1
https://energotranssbank.com,0
http://www.restauraantpass.ru,0
https://rio.gift-cards.ru,1
https://app.sovcombank.ru,1
https://sngb-info.ru,1
https://energobank.ru,1
http://www.slaviabank.ru,1
https://www.cafttauto.ru,0
https://www.lk.nskbl.ru,1
https://tochka.com,1
http://www.mykykkyryza.ru,0
https://digital.vtb.ru,1
https://ohta-my.gift-cards.ru,1
https://wugostca.westernuunion.ru/ui,0
https://www.uralfinance.ru,1
http://centermir.gift-cards.ru,1
https://dealer.toyotafs.ru,1
http://ufa.pllaneta-mall.ru/gift-card,0
http://www.zeemsky.ru,0
https://store-appleua.com,0
http://garant-prof.online,0
https://kpn.dcapital.ru,1
http://snbankk.ru,0
https://emb.ru,1
https://www.mtssbank.ru,0
https://trcgalaktika.gift-cards.ru,1
http://www.promtransbank.ru,1
http://mega.ru/giftcard/novosibirsk,1
http://www.nsbaank.ru,0
http://www.kbb.ru,1
http://www.goldenbonus.ru,1
http://business-credit.ru,1
http://ifcbank.ru,1
https://private.unitedd.ru,0
http://corporate.rsb.ru,1
http://www.assiacredit.ru,0
https://perevod.ubrr.ru,1
http://dataa.sberbank.ru,0
https://www.privvate-banking.ru,0
http://www.mbfs.ru,1
https://uraalfinance.ru,0
https://www.ollb.ru,0
https://www.eeatpbank.ru,0
http://www.transstroybaank.ru,0
http://www.rrb.ru,1
https://www.raiffeeisen.ru,0
https://cbvtb24back.vtb24.ru,1
https://sibmoll.gift-cards.ru,1
https://dom.uunicredit.ru,0
https://aliexpress.ru,1
http://okhta.gift-cards.ru,1
https://balttinvestbank.com,0
https://mega-teplyyistan-my.gift-cards.ru,0
http://cafttauto.ru,0
http://www.garant.cheelind.ru,0
https://ssngb-info.ru,0
https://halvacardd.ru,0
http://loccko-bank.su,0
http://www.capitalbank.ru,1
https://alexxbank.ru,0
https://mti-bank.ru,1
https://www.akbarrs.ru,0
https://perevod.ubrr.ru,1
http://sberbank.ru,1
http://sbbank.ru,1
http://www.aa7zaim.ru/oplata,0
http://www.mos-zzaim.ru,0
https://www.binance-co.com,0
https://energomashbank.ru,1
https://www.ssobinbank.ru,0
https://prazzdnik-ubrr.ru,0
https://staart.vtb.ru,0
http://www.bocc.ru,0
https://sovcoomplus.ru,0
http://m5mall.ggift-cards.ru,0
http://www.peeb.ru,0
https://www.oozon.ru,0
https://holiday.norvikbank.ru,1
http://www.americannexpress.ru,0
https://leeto-my.gift-cards.ru,0
https://partners.uniteed.ru,0
https://www.vvfbank.ru,0
http://donteksbank.ru,1
https://www.bancaintesa.ru,1
https://lkbo.vtb.ru,1
https://mega-ufa-my.gift-cards.ru,1
https://profit.akbars.ru,1
http://ymkbank.ru,1
https://www.creditural.ru,1
https://www.ppshb.ru,0
https://www.unicrediitbank.ru,0
http://www.zemsky.ru,1
https://digit.nsd.ru,1
http://garant.chelind.ru,1
http://www.sbbaank.ru,0
https://www.poidem.ru,1
http://garannt.chelind.ru,0
https://yandex.ru,1
https://www.sksbbank.ru,0
https://capitaalkredit.ru,0
https://sumka.ubrr.ru,1
https://dello.ru,0
https://kalinamall.gift-cards.ru,1
https://transfercard.net,0
http://nkz.pllaneta-mall.ru,0
https://bankdomrf.ru,1
https://nvg.megapolice.ru,1
https://skbbank.ru,1
http://www.vivadengi.ru,1
http://www.zaim-express.ru,1
https://zenit-partners.ru,1
https://premiumpass.ru,1
http://www.sber.ru,1
http://mos-zzaim.ru,0
http://www.autotorgbank.ru,1
https://sng.mfopoidem.ru,1
http://www.zayymer.ru,0
https://deegoo.com,0
https://sovcombank.business,1
https://factooring.alfabank.ru,0
https://runna.bank,0
https://ossago.vtb.ru,0
http://proffit.akbars.ru,0
https://garant-drakensang-online.webnode.ru,0
https://asiacredit.ru,1
http://www.krona-bank.ru,1
http://kartazaem.com,1
http://www.albank.ru,1
https://www.vlbb.ru,1
http://www.olabank.ru,1
https://www.ssb.msk.ru,1
http://premiumppass.gift-cards.ru,0
https://sovcompluus.ru,0
https://www.moskb.ru,1
https://www.cosmos-bank.ru,1
http://www.priobye.ru,1
http://kartaa-my.gift-cards.ru,0
http://www.ufb.ru,1
https://guidelline.creditural.ru,0
https://www.crocuusbank.ru,0
https://vitaabank.ru,0
https://selmasshbank.ru,0
https://www.absoolutbank.ru,0
https://mega-ekaterinburg-my.gift-cards.ru,1
http://servissacc.unail.biz,0
https://dalenabank.ru,1
https://www.ssb.mskk.ru,0
https://www.klookvva.ru,0
http://sodexobenefits.ru,1
https://www.chbrr.crimea.com,1
https://www.ssb.msk.ru,1
https://www.tavrich.ru,1
http://matcap.chelind.ru,1
https://bcard.unicreedit.ru,0
https://www.rapida.ru,1
https://mboo-bank.ru,0
https://realistbank.ru,1
https://www.private-banking.ru,1
http://kombank.ru,1
https://refinnans.chelind.ru,0
https://wecare.vtb.ru,1
http://www.evvrofinance.ru,0
https://prazdnik-ubrr.ru,1
https://www.prazdnnik-ubrr.ru,0
https://kari.com,1
https://www.rdb.ru,1
https://job.delo.ru,1
http://ohta-my.gift-cards.ru,1
https://www.royal-bank.ru,1
http://ocenka.skbbank.ru,1
https://www.mti-bank.ru,1
https://www.bk.mufg.jp,1
https://lk.ubrr.ru,1
https://payst.ru,1
https://itbank.ru,1
http://mfo-korrona.com,0
http://www.finnmoll.ru,0
https://bonus.unicredit.ru,1
https://snmall.giift-cards.ru,0
https://investments.alfabank.ru,1
http://www.pscb.ru,1
https://news.alfabank.ru,1
https://www.raiffeiisen.ru,0
http://lotosplazza-my.gift-cards.ru,0
https://info.atbbank.ru,1
https://www.bankorange.ru,1
https://sberbank.ru,1
https://zenit.ru,1
http://www.dinerscclubcard.ru,0
https://miaa.ru,0
https://krs-my.gift-cards.ru,1
https://openn.capitalkredit.ru,0
http://citymoney.su,1
https://www.citibank.ru,1
http://leto-my.gift-cards.ru,1
https://www.banttikov.ru/petrol,0
https://blancc.ru,0
http://vllb100.ru,0
https://hr.alfabank.ru,1
https://www.alfa-bank.com,1
https://sberbbank.com,0
https://videoo.gift-cards.ru,0
https://toplivcard.gift-cards.ru,1
https://ipotteka.texbank.ru,0
https://salles.ubrr.ru,0
http://www.beelineecard.ru,0
https://rkko.alfabank.ru,0
https://bankddomrf.ru,0
https://www.mmetallica.com,0
https://www.tinkoff.ru,1
http://garanttseervisacc.unail.biz,0
https://skbageent.ru,0
http://ocennka.skbbank.ru,0
https://lannta.ru,0
https://www.googlee.com,0
http://www.rncb.ru,1
https://research.gazzprombank.ru,0
https://mos-zzaim.ru,0
https://auura.gift-cards.ru,0
https://unicreditbannk.ru,0
http://www.moneyytalk.ru,0
https://startup.vtb.ru,1
http://kartamffo.com,0
http://www.koronacard.ru,1
https://perevod.ubrr.ru,1
https://kubaan-kredit.net,0
http://trcgalaktika.gift-cards.ru,1
https://nefteprom.com,1
https://aggroros.ru,0
http://www.geobank.ru,1
https://www.zhivagobank.ru,1
https://www.shikfin.com,1
https://uralprombank.ru,1
https://neeyvabank.ru,0
https://job.deelo.ru,0
https://energomashbank.com,1
https://cibannk.ru,0
https://soobinbank.ru,0
https://rnko.koronna.net/kari,0
http://bg.akbbars.ru,0
https://skbbank.ru,1
http://www.rrbaank.ru,0
https://gethalva.ru,1
http://www.mbo-bank.ru,1
https://mastercard.norrvikbank.ru,0
http://my.snbank.ru,1
https://dp.snggb.ru,0
https://www.mygift.ru,1
http://www.alfafuture.ru,1
http://payasv.ru,1
http://alloy-rgb.ru,0
https://halvaccard.ru,0
https://www.nkkbank.ru,0
http://sbnk.ru,1
https://doktor.sovcombankk.ru,0
https://ggpb.ru,0
http://loyaltty-alfabank.ru,0
http://www.alaal.ru,0
https://lanta.ru,1
https://toplivvcard.gift-cards.ru,0
https://vtbstrana.ru,1
http://www.promtranssbank.ru,0
http://krrs.planeta-mall.ru,0
https://ffifa.alfabank.ru,0
http://www.nwipbank.ru,1
http://www.mffk-bank.ru,0
https://finnmoll.ru,0
https://rapida.ru,1
http://sibbmoll.gift-cards.ru,0
http://autotorgbank.ru,1
http://www.nrb.ru,1
https://pay4card.com,0
https://parkerclub.ru,1
http://mygift.ru,1
https://sbberbank.ru,0
http://snbank.ru,1
https://pay.cardstandard.ru,1
https://job.alfabank.ru,1
https://www.potreb.cheliind.ru,0
https://www.areesbank.ru,0
https://credituural.ru,0
http://www.bankmaxima.ru,1
https://online-cabbinet.rosbank-dom.ru,0
http://www.inecobank.ru,1
https://virtbeneefits.gift-cards.ru,0
https://suumka.ubrr.ru,0
https://dataabank.ru,0
https://mygiftcardv.gift-cards.ru,1
https://www.rs.ru,1
http://www.rrb.ru,1
https://abank.ru,1
http://www.aktivvbank.ru,0
https://jjob.alfabank.ru,0
https://bmapp.alfabannk.ru,0
https://parrkerclub.ru,0
https://selmashbank.ru,1
https://rko.cchelind.ru,0
https://app.ssovcombank.ru,0
http://www.isbaank.com.ru,0
https://cashback.chelind.ru,1
http://www.bank-creddit-suisse-moscow.ru,0
https://www.raapida.ru,0
http://sales.vuuzbank.ru,0
http://www.uralexpress.ru,1
https://portal.nefteprom.com,1
https://www.ggenbank.ru,0
https://www.bankkaluuga.ru,0
https://ubrr.cashbackforce.ru,1
http://www.ssibsoc.ru,0
https://www.banccaintesa.ru,0
https://www.sngbb.ru,0
https://metroo-cc.ru,0
http://bbesafe.ru,0
http://www.rstlls.ru,0
http://old.primbank.ru,1
https://3dsmc.ubrr.ru,0
http://cashddrive.ru,0
https://www.nicco-bank.ru,0
http://www.psbinvest.ru,1
https://www.dombankk.ru,0
https://cc.unicredit.ru,1
http://vlb100.ru,1
https://3ds.ubbrr.ru,0
https://viip.kk.bank,0
https://www.akcept.ru,1
https://ikanobank.ru,1
http://zappsibcombank.ru,0
http://mfo-korona.com,1
https://energotransbank.com,1
https://qr.vttb.ru,0
https://zaim-express.ru,1
https://www.cub-finance.ru,1
https://simpleshopping.ru,1
https://www.novokib.ru,1
https://elba.raiffeisen.ru,1
http://centeermir.gift-cards.ru,0
https://www.bank-peresvet.ru,1
http://perm.planneta-mall.ru,0
https://aura.gift-cards.ru,1
https://talent.open.ru,1
https://ais.snbank.ru,1
https://www.sberbank.ru,1
https://retail.etf-int.ru,1
http://vvlb100.ru,0
http://kredittmb.ru,0
http://www.atbbank.ru,1
https://unocard.ru,1
http://kari.com/club,1
https://www.sngb.ru,1
http://www.denizbank.ru,1
http://www.sinko-bank.ru,1
https://porttal.bank-hlynov.ru,0
http://bankveesta.ru,0
https://tula.maxi-shhopping.ru,0
https://www.bantikov.ru/petrol,1
https://www.vtbcaareer.com,0
https://socium-bank.ru,1
https://shikkfin.com,0
https://www.yooutube.com,0
http://wumte.ru,1
https://kaaleidoscope-center.gift-cards.ru,0
https://ap.ubrr.ru,1
http://www.potreb.chelind.ru,1
https://www.reddit.com,1
http://www.peb.ru,1
https://aura-my.gift-cards.ru,1
http://meega.ru/novosibirsk/giftcard,0
http://www.северстройбанк.рф,1
https://3dsmc.ubrr.ru,1
http://krona-bank.ru,1
http://dinerscllubcard.ru,0
https://www.gazprommbank.ru,0
http://www.izhcombbank.ru,0
http://corporrate.rsb.ru,0
https://koronacard.ru,1
https://acompanies.rosbank-dom.ru,1
http://dbo.uralsibbank.ru,1
https://dengimigom.ru,1
https://www.nskbl.ru,1
http://giftpaass.ru,0
https://metallinvestbank.ru,1
http://akbarss.ru,0
https://www.bestefforttsbank.ru,0
http://www.tkbbank.ru,1
http://www.rsbank.ru,1
http://www.ai-bank.ru,1
http://mycard.ru,1
http://landkredit.ru,1
https://kubaancredit.net,0
https://www.nco-payu.ru,1
http://www.systtem-bank.ru,0
https://www.mysvyaznoyplus.ru,1
https://halva.promo,1
https://finclass.homecredit.ru,1
http://bgf-bankk.ru,0
http://zarech.ru,1
https://www.rosbbank.ru,0
https://biz.unicredit.ru,1
http://gift-cards.ru,1
https://kb-tuub.ru,0
http://marmeladmall.gift-cards.ru,1
http://www.thbannk.ru,0
https://skt.maxi-shoppiing.ru,0
https://ubrrpartners.ubrr.ru,1
https://miia.ru,0
https://www.nordeaa.ru,0
http://www.garant.su,0
http://old.primmbank.ru,0
https://yeltsin.gift-cards.ru,1
https://service.payanyway.ru,1
https://www.digit.nsd.ru,1
https://lotosplaza-my.gift-cards.ru,1
https://mspbank.ru,1
http://hx-fpspro.top,0
https://kosmoss.gift-cards.ru,0
https://www.mikrro-kapital.ru,0
https://newws.alfabank.ru,0
https://lk.paymgate.ru,1
https://www.absolutbank.ru,1
http://www.landkredit.ru,1
http://my.gift-ccards.ru,0
https://bffa.ru,0
https://tatsotsbaank.ru,0
https://www.opeen.ru,0
https://www.metallica.com,1
https://www.ootpbank.ru,0
https://m.bankuralsib.ru,1
https://ofc.ru,1
https://ecconombank.ru,0
http://doncombank.ru,1
https://loyaltyy.cft.ru,0
https://pprazdnik-ubrr.ru,0
http://novobank.ru,1
https://spb.megapolice.ru,1
https://tpssbank.tomsk.ru,0
https://app.unicredit.ru,1
https://www.kamkombank.ru,1
https://kredit.unicreedit.ru,0
https://sffera.ru,0
http://www.bankhhimik.ru,0
https://mkb.ru,1
http://guarantgo.com,0
http://www.zboonus.ru,0
https://onetwwoauto.ru,0
https://a7zaiim.ru/oplata,0
http://ozonn.ru/card,0
http://credithuub.ru,0
http://slavbank.ru,1
http://metro-my.gift-cards.ru,1
https://www.vuzbank.ru,1
https://payassv.ru,0
https://www.nbbsrf.ru,0
http://mygiftccardal.gift-cards.ru,0
https://norvikbank.online,1
https://yookassa.ru,1
https://www.pshhb.ru,0
http://www.mega.ru/giftcard/novosibirsk,1
https://soliddbank.ru,0
https://aclub.alfabank.ru,1
https://ulk.gbo.gazprombank.ru,1
https://www.bankonego.ru,1
http://www.mygiift.ru,0
https://speccial.open.ru,0
http://lotosplaza-my.gift-cards.ru,1
http://kartazaem.ru,1
https://ozmall-my.gift-cards.ru,1
http://slavia-bannk.ru,0
https://www.round.ru,1
https://beelinecard.ru,1
https://www.snngb.ru,0
https://bank.yandex.ru,1
https://www.metro-cc.ru,1
https://olld.www.akibank.ru,0
https://www.garant.chelind.ru,1
http://nko-rr.ru,1
https://chelinnd.ru,0
https://ecm.snggb.ru,0
https://www.klookva.ru,1
https://bcosm.ru,1
https://zolotayakorona.ru,1
http://www.dcappital.ru,0
https://www.vtbglobalperspectives.com,1
https://bcs-bankk.com,0
http://sllavia-bank.com,0
https://sbibbankllc.ru,0
https://pprivate.vtb.ru,0
http://mygifttcard5.gift-cards.ru,0
https://app.roccketbank.ru,0
https://rnko-kkholmsk.ru,0
https://www.trust.ru,1
http://plus.svyaznoy.ru,1
https://www.mbbru.ru,1
http://www.nkz.pllaneta-mall.ru,0
https://www.garant.chhelind.ru,0
https://corpcard.alfabank.ru,1
http://finmmoll.ru,0
http://mega-ssamara-my.gift-cards.ru,0
http://www.psiib.ru,0
http://chelind.ru,1
http://mega-dybenko-my.gift-cards.ru,1
https://cityymoney.su,0
https://crosnabank.ru,1
https://www.royaal-bank.ru,0
http://ufa.planeta-mall.ru/gift-card,1
https://gallery360.vtb.ru,1
https://www.avanngard.ru,0
http://www.prrocombank.ru,0
http://beta.sberbank.ru,1
https://svyaznooy.ru,0
https://sngg.mfopoidem.ru,0
http://www.aktivbank.ru,1
https://kuzbasshimmbank.ru,0
http://pearl.giift-cards.ru,0
https://ppb.open.ru,0
https://open.capitalkredit.ru,1
http://pokupay.ru,1
https://portall-da.ru,0
http://www.bankspputnik.ru,0
https://ibd.ubrr.ru,1
http://www.izhcombank.ru,1
http://koronaloyalty.ru,1
https://apps.apple.com,1
https://settvi.neyvabank.ru,0
http://www.deutschebank.ru,1
https://ipoteka-onlline.vtb.ru,0
https://dbo3.crosnabank.ru,1
http://www.transstroiibank.ru,0
http://www.kbb.ru,1
http://zaymer.ru,1
https://onlinee.sovcombank.ru,0
http://www.slavia-bank.com,1
https://info-partners.rsbank-auto.ru,1
https://resocreditbank.ru,1
https://degoo.com,1
https://bankffin.ru,1
https://mp.akbarrs.ru,0
http://www.nkomobi.ru,1
https://www.cashddrive.ru,0
http://www.absolutbank.com,1
http://www.atbbaank.ru,0
http://capitalbank.ru,1
https://festtival.gift-cards.ru,0
http://www.crosnabank.com,1
https://www.банк131.рф,1
https://www.euroalliance.ru,1
https://sferra.ru,0
http://www.rnko.ru,1
https://demo.bank-on-lline.ru,0
https://www.cenntrinvest.ru,0
https://mygifftcard.gift-cards.ru,0
https://appl.unicrredit.ru,0
http://eng.skbbank.ru,1
http://letomall.gift-cards.ru,1
http://obr1016.ru,1
https://deposits.neftteprom.com,0
https://www.oldi.ru/?utm_referrer=,0
https://unicreditbank.ru,1
https://afimall.gift-cards.ru,1
http://www.novikom.ru,1
https://business.vtb.ru,1
https://www.opennbank.ru,0
https://derzhavva.ru,0
https://denginadom.ru,1
https://mygift.gift-cards.ru,1
http://www.slaavia-bank.ru,0
https://www.googgle.com,0
http://www.evrofinance.ru,1
http://www.rrbank.ru,1
http://rgb-furyssd.vse-dar0m.ru,0
https://rkbank.ru,1
https://poochtabank.ru,0
https://stiimul.westernunion.ru,0
https://www.biz.unnicredit.ru,0
http://aankety.vtb.ru,0
http://primezaim.ru,1
https://vtbrussia.ru,1
https://belsoocbank.ru,0
https://www.cosmos-baank.ru,0
https://kuntsevo-my.gift-cards.ru,1
http://skidk1-tut.ru,0
http://www.sbbank.ru,1
http://koronaaloyalty.ru,0
https://www.bannk.rs.ru,0
https://sales.ubrr.ru,1
http://megga-khimki-my.gift-cards.ru,0
http://www.deutsche-bank.ru,1
https://srbank.ru,1
https://www.bliz.nskbl.ru,1
https://mmos.ru,0
https://oprros.sberbank.ru,0
https://gazeta.severgazbank.ru,1
https://vip.kubankredit.ru,1
https://www.resocreditbank.ru,1
https://perrevod.ubrr.ru,0
https://www.assiacredit.ru,0
https://www.sberbank.com,1
https://my.giftt-cards.ru,0
https://www.gibank.ru,1
https://annkety.vtb.ru,0
http://mfoccard.ru,0
https://www.finmmoll.ru,0
https://getpen.ru,1
https://www.nrbb.ru,0
https://deggoo.com,0
https://mfo-korona.com,1
https://yarmarka-cennter.gift-cards.ru,0
https://app.rocketbank.ru,1
https://mega-parnas-my.gift-cards.ru,1
https://www.stoore.alfabank.ru,0
https://www.bankvl.ru,1
https://doktor.sovcombank.ru,1
https://corporate.mkb.ru,1
https://roscap.ru,1
http://info.paymaaster.ru,0
http://www.garant.chelind.ru,1
https://ekapusta.com,1
https://inffo.akbars.ru,0
https://getfinance.ru,1
https://tui.crediteurope.ru,1
https://app.soovcombank.ru,0
https://rio.gift-caards.ru,0
http://laundroid.ru,0
https://www.lenovo.com,1
https://dcapiital.ru,0
https://www.oneegobank.ru,0
https://ozmall-my.ggift-cards.ru,0
https://my.alfabankk.ru/slxcustomerportal,0
https://www.in-bbank.ru,0
https://www.mos-zzaim.ru,0
https://www.tppsbank.tomsk.ru,0
https://lenta-my.gift-cards.ru,1
https://metro-cc.ru,1
https://kupi-ne-koopi.com,0
https://aliexpress.ru,1
http://ipotekaa-biz.chelind.ru,0
http://www.sovcombank.com,1
https://mygift.ru,1
http://ru.ccb.com,1
http://deppo.gift-cards.ru,0
https://alfaabank.ru/everyday/reorg,0
https://yarmarka.gift-cards.ru,1
http://aura-my.gift-cards.ru,1
http://predator-operativ.top,0
http://sebbank.ru,1
http://paycenter.ru,1
http://rentabank.ru,1
https://gruzovikvkrredit.ru,0
https://sber.ru,1
https://ipotteka-biz.chelind.ru,0
http://www.interbanking.ru,1
https://www.akbars.ru,1
https://sr2020.mkb.ru,1
https://emmb.ru,0
https://sngbinfo.ru,1
https://www.atb.su,1
https://kubcred.ru,1
http://ozmall-my.gift-cards.ru,1
https://ipotekaonline.open.ru,1
https://www.instagram.com,1
https://ca-ciib.ru,0
http://www.doombank.ru,0
https://today.sberbankvmeste.ru,1
http://www.rrncb.ru,0
https://info.zzhivagobank.ru,0
http://bankvesta.ru,1
https://www.primbank.ru,1
http://www.ziraatbank.ru,1
https://italmas.gift-cards.ru,1
https://www.kmb.ru,1
https://cosmos-bank.ru,1
https://www.coalmetbank.ru,1
https://www.reeddit.com,0
https://creditcalc.toyotafs.ru,1
http://www.vakobank.com,1
http://www.finmoll.ru,1
https://prostoddar-my.gift-cards.ru,0
https://meega.io,0
http://www.eekapusta.com,0
https://mykykyryzza.ru,0
https://kk.baank,0
https://depozits.ru,1
https://coorpcard.alfabank.ru,0
http://my.ssnbank.ru,0
http://lokobank.ru,1
https://in-baank.ru,0
https://www.bsppb.ru,0
https://halvaacard.ru,0
http://kartamfo.org,1
http://noosfferabank.ru,0
https://www.allfa-bank.com,0
https://ggethalva.ru,0
https://psbstt.ru,0
https://www.sslbank.ru,0
https://www.bing.com,1
https://www.timmerbank.ru,0
https://infoo.atbbank.ru,0
https://prazdnik-ubrr.ru,1
https://ennergomashbank.livejournal.com,0
https://migcreddit.ru,0
https://www.mikro-kapital.ru,1
https://severgazzbank.ru,0
https://metro.gift-cards.ru,1
https://www.nbsrf.ru,1
https://www.autotorgbank.ru,1
http://megaa.ru/giftcard/novosibirsk,0
http://www.ufa.planetta-mall.ru,0
https://pb.open.ru,1
https://virtprostodar.gift-cards.ru,1
https://gifttcard.sngb.ru,0
https://www.mbo-bannk.ru,0
https://www.mmti-bank.ru,0
http://kartadengi.com,1
https://statement.rsb.ru,1
https://desiign.alfabank.ru,0
https://modulbank.ru,1
https://statemment.rsb.ru,0
https://www.eab.ru,1
http://realesttate.pervbank.ru,0
http://refinans.chelind.ru,1
http://myggift.ru,0
https://www.klookva.ru,1
https://portal-da.ru,1
https://ipoteka.pssbst.ru,0
https://bank.ozon.ru,1
https://sollid.ru,0
https://kashirskaya-my.gift-cards.ru,1
https://corporatte.mkb.ru,0
https://www.bank-mscb.ru,1
http://www.mfk-bank.ru,1
https://getpeen.ru,0
https://vitabank.spb.ru,1
http://sberbbank.ru,0
http://anketta.vtb.ru,0
http://www.zapsibkombank.ru,1
https://solid.ru,1
https://kredit.unicredit.ru,1
http://letomaall.gift-cards.ru,0
https://prostodar-my.gift-cards.ru,1
https://bank-hlynov.ru,1
https://garant-world.ru,0
https://www.pprofitbank.ru,0
https://ubrrpartnners.ubrr.ru,0
http://atbbank.ru,1
https://new.rosbankk.ru,0
https://www.onlineecredit.ru,0
https://karta-my.gift-cards.ru,1
https://delo.ru,1
https://kuban-credit.bizz,0
https://sbibankllc.ru,1
http://mp.aakbars.ru,0
http://www.alal.ru,1
